Configuration,Term,J,Prefix,Level (eV),Suffix,Uncertainty (eV),Splitting,Lande,Reference
"=""3p6.4s""","=""2S""","=""1/2""","=""""","=""0.00000000""","=""""","=""0.00000006""","=""""","=""2.002295""","=""L7185"""
"=""3p6.4p""","=""2P*""","=""1/2""","=""""","=""1.60995784350""","=""""","=""0.00000000025""","=""1.60995784""","=""""","=""L8995"""
"=""3p6.4p""","=""2P*""","=""3/2""","=""""","=""1.6171130092""","=""""","=""0.0000000005""","=""0.0071551657""","=""""","=""L8995"""
"=""3p6.5s""","=""2S""","=""1/2""","=""""","=""2.6069601""","=""""","=""0.0000006""","=""0.9898471""","=""""","=""L1792"""
"=""3p6.3d""","=""2D""","=""5/2""","=""""","=""2.6699600""","=""""","=""0.0000006""","=""0.0629999""","=""""","=""L1792"""
"=""3p6.3d""","=""2D""","=""3/2""","=""""","=""2.6702462""","=""""","=""0.0000006""","=""0.0002862""","=""""","=""L1792"""
"=""3p6.5p""","=""2P*""","=""1/2""","=""""","=""3.0625810""","=""""","=""0.0000006""","=""0.3923348""","=""0.665""","=""L1792"""
"=""3p6.5p""","=""2P*""","=""3/2""","=""""","=""3.0649066""","=""""","=""0.0000006""","=""0.0023256""","=""""","=""L1792"""
"=""3p6.4d""","=""2D""","=""5/2""","=""""","=""3.3968046""","=""""","=""0.0000006""","=""0.3318980""","=""""","=""L1792"""
"=""3p6.4d""","=""2D""","=""3/2""","=""""","=""3.3969373""","=""""","=""0.0000006""","=""0.0001327""","=""""","=""L1792"""
"=""3p6.6s""","=""2S""","=""1/2""","=""""","=""3.4034543""","=""""","=""0.0000004""","=""0.0065170""","=""""","=""L5770"""
"=""3p6.4f""","=""2F*""","=""5/2""","=""""","=""3.487409""","=""""","=""0.000006""","=""0.083955""","=""""","=""L6096"""
"=""3p6.4f""","=""2F*""","=""7/2""","=""""","=""3.487409""","=""""","=""0.000006""","=""0.000000""","=""""","=""L6096"""
"=""3p6.6p""","=""2P*""","=""1/2""","=""""","=""3.595451""","=""""","=""0.000006""","=""0.108042""","=""0.6663""","=""L6096"""
"=""3p6.6p""","=""2P*""","=""3/2""","=""""","=""3.596498""","=""""","=""0.000006""","=""0.001047""","=""1.3337""","=""L6096"""
"=""3p6.5d""","=""2D""","=""5/2""","=""""","=""3.7424933""","=""""","=""0.0000004""","=""0.145995""","=""1.2004""","=""L5770"""
"=""3p6.5d""","=""2D""","=""3/2""","=""""","=""3.7425557""","=""""","=""0.0000004""","=""0.0000624""","=""0.7997""","=""L5770"""
"=""3p6.7s""","=""2S""","=""1/2""","=""""","=""3.7535285""","=""""","=""0.0000004""","=""0.0109728""","=""2.0020""","=""L5770"""
"=""3p6.5f""","=""2F*""","=""5/2""","=""""","=""3.794751""","=""""","=""0.000007""","=""0.041223""","=""""","=""L6096"""
"=""3p6.5f""","=""2F*""","=""7/2""","=""""","=""3.794751""","=""""","=""0.000007""","=""0.000000""","=""""","=""L6096"""
"=""3p6.5g""","=""2G""","=""7/2""","=""""","=""3.7960626""","=""""","=""0.0000012""","=""0.001312""","=""""","=""L873"""
"=""3p6.5g""","=""2G""","=""9/2""","=""""","=""3.7960626""","=""""","=""0.0000012""","=""0.000000""","=""""","=""L873"""
"=""3p6.7p""","=""2P*""","=""1/2""","=""""","=""3.852177""","=""""","=""0.000007""","=""0.056114""","=""0.6659""","=""L6096"""
"=""3p6.7p""","=""2P*""","=""3/2""","=""""","=""3.852735""","=""""","=""0.000007""","=""0.000558""","=""1.3336""","=""L6096"""
"=""3p6.6d""","=""2D""","=""5/2""","=""""","=""3.9297908""","=""""","=""0.0000004""","=""0.077056""","=""1.2013""","=""L5770"""
"=""3p6.6d""","=""2D""","=""3/2""","=""""","=""3.9298237""","=""""","=""0.0000004""","=""0.0000329""","=""0.7999""","=""L5770"""
"=""3p6.8s""","=""2S""","=""1/2""","=""""","=""3.9384048""","=""""","=""0.0000004""","=""0.0085811""","=""2.0028""","=""L5770"""
"=""3p6.6f""","=""2F*""","=""5/2""","=""""","=""3.961688""","=""""","=""0.000007""","=""0.023283""","=""""","=""L6096"""
"=""3p6.6f""","=""2F*""","=""7/2""","=""""","=""3.961688""","=""""","=""0.000007""","=""0.000000""","=""""","=""L6096"""
"=""3p6.8p""","=""2P*""","=""1/2""","=""""","=""3.995693""","=""""","=""0.000007""","=""0.034005""","=""""","=""L6096"""
"=""3p6.8p""","=""2P*""","=""3/2""","=""""","=""3.996024""","=""""","=""0.000007""","=""0.000331""","=""""","=""L6096"""
"=""3p6.7d""","=""2D""","=""5/2""","=""""","=""4.04167262""","=""""","=""0.00000009""","=""0.045649""","=""""","=""L5451"""
"=""3p6.7d""","=""2D""","=""3/2""","=""""","=""4.04169191""","=""""","=""0.00000009""","=""0.0000193""","=""""","=""L5451"""
"=""3p6.9s""","=""2S""","=""1/2""","=""""","=""4.04787964""","=""""","=""0.00000009""","=""0.0061877""","=""""","=""L5451"""
"=""3p6.7f""","=""2F*""","=""5/2""","=""""","=""4.062317""","=""""","=""0.000007""","=""0.014437""","=""""","=""L6096"""
"=""3p6.7f""","=""2F*""","=""7/2""","=""""","=""4.062317""","=""""","=""0.000007""","=""0.000000""","=""""","=""L6096"""
"=""3p6.9p""","=""2P*""","=""1/2""","=""""","=""4.0840647""","=""""","=""0.0000004""","=""0.021748""","=""""","=""L5783"""
"=""3p6.9p""","=""2P*""","=""3/2""","=""""","=""4.0842783""","=""""","=""0.0000004""","=""0.0002136""","=""""","=""L5783"""
"=""3p6.8d""","=""2D""","=""5/2""","=""""","=""4.11356434""","=""""","=""0.00000009""","=""0.0292860""","=""""","=""L5451"""
"=""3p6.8d""","=""2D""","=""3/2""","=""""","=""4.11357655""","=""""","=""0.00000009""","=""0.0000122""","=""""","=""L5451"""
"=""3p6.10s""","=""2S""","=""1/2""","=""""","=""4.11803927""","=""""","=""0.00000009""","=""0.0044627""","=""""","=""L5451"""
"=""3p6.8f""","=""2F*""","=""5/2""","=""""","=""4.127608""","=""""","=""0.000007""","=""0.009569""","=""""","=""L6096"""
"=""3p6.8f""","=""2F*""","=""7/2""","=""""","=""4.127608""","=""""","=""0.000007""","=""0.000000""","=""""","=""L6096"""
"=""3p6.10p""","=""2P*""","=""1/2""","=""""","=""4.1423407""","=""""","=""0.0000004""","=""0.014733""","=""""","=""L5783"""
"=""3p6.10p""","=""2P*""","=""3/2""","=""""","=""4.1424855""","=""""","=""0.0000004""","=""0.0001448""","=""""","=""L5783"""
"=""3p6.9d""","=""2D""","=""5/2""","=""""","=""4.16240485""","=""""","=""0.00000009""","=""0.0199193""","=""""","=""L5451"""
"=""3p6.9d""","=""2D""","=""3/2""","=""""","=""4.16241300""","=""""","=""0.00000009""","=""0.0000082""","=""""","=""L5451"""
"=""3p6.11s""","=""2S""","=""1/2""","=""""","=""4.16569049""","=""""","=""0.00000009""","=""0.0032775""","=""""","=""L5451"""
"=""3p6.9f""","=""2F*""","=""5/2""","=""""","=""4.172356""","=""""","=""0.000007""","=""0.006666""","=""""","=""L6096"""
"=""3p6.9f""","=""2F*""","=""7/2""","=""""","=""4.172356""","=""""","=""0.000007""","=""0.000000""","=""""","=""L6096"""
"=""3p6.11p""","=""2P*""","=""1/2""","=""""","=""4.1827927""","=""""","=""0.0000004""","=""0.010437""","=""""","=""L5783"""
"=""3p6.11p""","=""2P*""","=""3/2""","=""""","=""4.1828956""","=""""","=""0.0000004""","=""0.0001029""","=""""","=""L5783"""
"=""3p6.10d""","=""2D""","=""5/2""","=""""","=""4.19706295""","=""""","=""0.00000009""","=""0.0141674""","=""""","=""L5451"""
"=""3p6.10d""","=""2D""","=""3/2""","=""""","=""4.19706867""","=""""","=""0.00000009""","=""0.0000057""","=""""","=""L5451"""
"=""3p6.12s""","=""2S""","=""1/2""","=""""","=""4.19952815""","=""""","=""0.00000009""","=""0.0024595""","=""""","=""L5451"""
"=""3p6.10f""","=""2F*""","=""5/2""","=""""","=""4.204356""","=""""","=""0.000007""","=""0.004828""","=""""","=""L6096"""
"=""3p6.10f""","=""2F*""","=""7/2""","=""""","=""4.204356""","=""""","=""0.000007""","=""0.000000""","=""""","=""L6096"""
"=""3p6.12p""","=""2P*""","=""1/2""","=""""","=""4.2120168""","=""""","=""0.0000004""","=""0.007661""","=""""","=""L5783"""
"=""3p6.12p""","=""2P*""","=""3/2""","=""""","=""4.2120922""","=""""","=""0.0000004""","=""0.0000754""","=""""","=""L5783"""
"=""3p6.11d""","=""2D""","=""5/2""","=""""","=""4.22253048""","=""""","=""0.00000009""","=""0.0104383""","=""""","=""L5451"""
"=""3p6.11d""","=""2D""","=""3/2""","=""""","=""4.22253462""","=""""","=""0.00000009""","=""0.0000041""","=""""","=""L5451"""
"=""3p6.13s""","=""2S""","=""1/2""","=""""","=""4.22441928""","=""""","=""0.00000009""","=""0.0018847""","=""""","=""L5451"""
"=""3p6.11f""","=""2F*""","=""5/2""","=""""","=""4.228030""","=""""","=""0.000007""","=""0.003611""","=""""","=""L6096"""
"=""3p6.11f""","=""2F*""","=""7/2""","=""""","=""4.228030""","=""""","=""0.000007""","=""0.000000""","=""""","=""L6096"""
"=""3p6.13p""","=""2P*""","=""1/2""","=""""","=""4.2338159""","=""""","=""0.0000004""","=""0.005786""","=""""","=""L5783"""
"=""3p6.13p""","=""2P*""","=""3/2""","=""""","=""4.2338727""","=""""","=""0.0000004""","=""0.0000568""","=""""","=""L5783"""
"=""3p6.12d""","=""2D""","=""5/2""","=""""","=""4.24178632""","=""""","=""0.00000009""","=""0.0079136""","=""""","=""L5451"""
"=""3p6.12d""","=""2D""","=""3/2""","=""""","=""4.24178946""","=""""","=""0.00000009""","=""0.0000031""","=""""","=""L5451"""
"=""3p6.14s""","=""2S""","=""1/2""","=""""","=""4.24326141""","=""""","=""0.00000009""","=""0.0014719""","=""""","=""L5451"""
"=""3p6.12f""","=""2F*""","=""5/2""","=""""","=""4.246009""","=""""","=""0.000006""","=""0.002748""","=""""","=""L2996"""
"=""3p6.12f""","=""2F*""","=""7/2""","=""""","=""4.246009""","=""""","=""0.000006""","=""0.000000""","=""""","=""L2996"""
"=""3p6.14p""","=""2P*""","=""1/2""","=""""","=""4.2505078""","=""""","=""0.0000004""","=""0.004499""","=""""","=""L5783"""
"=""3p6.14p""","=""2P*""","=""3/2""","=""""","=""4.2505525""","=""""","=""0.0000004""","=""0.0000447""","=""""","=""L5783"""
"=""3p6.13d""","=""2D""","=""5/2""","=""""","=""4.25669527""","=""""","=""0.00000009""","=""0.0061428""","=""""","=""L5451"""
"=""3p6.13d""","=""2D""","=""3/2""","=""""","=""4.25669770""","=""""","=""0.00000009""","=""0.0000024""","=""""","=""L5451"""
"=""3p6.15s""","=""2S""","=""1/2""","=""""","=""4.25786720""","=""""","=""0.00000009""","=""0.0011695""","=""""","=""L5451"""
"=""3p6.13f""","=""2F*""","=""5/2""","=""""","=""4.260018""","=""""","=""0.000007""","=""0.002151""","=""""","=""L2996"""
"=""3p6.13f""","=""2F*""","=""7/2""","=""""","=""4.260018""","=""""","=""0.000007""","=""0.000000""","=""""","=""L2996"""
"=""3p6.15p""","=""2P*""","=""1/2""","=""""","=""4.2635725""","=""""","=""0.0000004""","=""0.003555""","=""""","=""L5783"""
"=""3p6.15p""","=""2P*""","=""3/2""","=""""","=""4.2636076""","=""""","=""0.0000004""","=""0.0000351""","=""""","=""L5783"""
"=""3p6.14d""","=""2D""","=""5/2""","=""""","=""4.26847235""","=""""","=""0.00000009""","=""0.0048647""","=""""","=""L5451"""
"=""3p6.14d""","=""2D""","=""3/2""","=""""","=""4.26847426""","=""""","=""0.00000009""","=""0.0000019""","=""""","=""L5451"""
"=""3p6.16s""","=""2S""","=""1/2""","=""""","=""4.26941772""","=""""","=""0.00000009""","=""0.0009435""","=""""","=""L5451"""
"=""3p6.14f""","=""2F*""","=""5/2""","=""""","=""4.271129""","=""""","=""0.000009""","=""0.001711""","=""""","=""L2996"""
"=""3p6.14f""","=""2F*""","=""7/2""","=""""","=""4.271129""","=""""","=""0.000009""","=""0.00000""","=""""","=""L2996"""
"=""3p6.16p""","=""2P*""","=""1/2""","=""""","=""4.2739895""","=""""","=""0.0000004""","=""0.002860""","=""""","=""L5783"""
"=""3p6.16p""","=""2P*""","=""3/2""","=""""","=""4.2740180""","=""""","=""0.0000004""","=""0.0000285""","=""""","=""L5783"""
"=""3p6.15d""","=""2D""","=""5/2""","=""""","=""4.27793645""","=""""","=""0.00000009""","=""0.0039185""","=""""","=""L5451"""
"=""3p6.15d""","=""2D""","=""3/2""","=""""","=""4.27793798""","=""""","=""0.00000009""","=""0.0000015""","=""""","=""L5451"""
"=""3p6.17s""","=""2S""","=""1/2""","=""""","=""4.27870944""","=""""","=""0.00000009""","=""0.0007715""","=""""","=""L5451"""
"=""3p6.17p""","=""2P*""","=""1/2""","=""""","=""4.2824297""","=""""","=""0.0000004""","=""0.0037203""","=""""","=""L5783"""
"=""3p6.17p""","=""2P*""","=""3/2""","=""""","=""4.2824525""","=""""","=""0.0000004""","=""0.0000228""","=""""","=""L5783"""
"=""3p6.16d""","=""2D""","=""5/2""","=""""","=""4.28565541""","=""""","=""0.00000009""","=""0.0032029""","=""""","=""L5451"""
"=""3p6.16d""","=""2D""","=""3/2""","=""""","=""4.28565667""","=""""","=""0.00000009""","=""0.0000013""","=""""","=""L5451"""
"=""3p6.18s""","=""2S""","=""1/2""","=""""","=""4.28629513""","=""""","=""0.00000009""","=""0.0006385""","=""""","=""L5451"""
"=""3p6.18p""","=""2P*""","=""1/2""","=""""","=""4.2893629""","=""""","=""0.0000004""","=""0.0030678""","=""""","=""L5783"""
"=""3p6.18p""","=""2P*""","=""3/2""","=""""","=""4.2893821""","=""""","=""0.0000004""","=""0.0000192""","=""""","=""L5783"""
"=""3p6.17d""","=""2D""","=""5/2""","=""""","=""4.29203309""","=""""","=""0.00000009""","=""0.0026510""","=""""","=""L5451"""
"=""3p6.17d""","=""2D""","=""3/2""","=""""","=""4.29203414""","=""""","=""0.00000009""","=""0.0000010""","=""""","=""L5451"""
"=""3p6.19s""","=""2S""","=""1/2""","=""""","=""4.29256822""","=""""","=""0.00000009""","=""0.0005341""","=""""","=""L5451"""
"=""3p6.19p""","=""2P*""","=""3/2""","=""""","=""4.2951436""","=""""","=""0.0000004""","=""0.0025754""","=""""","=""L5783"""
"=""3p6.18d""","=""2D""","=""5/2""","=""""","=""4.29736301""","=""""","=""0.00000009""","=""0.0022194""","=""""","=""L5451"""
"=""3p6.18d""","=""2D""","=""3/2""","=""""","=""4.29736388""","=""""","=""0.00000009""","=""0.0000009""","=""""","=""L5451"""
"=""3p6.20s""","=""2S""","=""1/2""","=""""","=""4.29781505""","=""""","=""0.00000009""","=""0.0004512""","=""""","=""L5451"""
"=""3p6.20p""","=""2P*""","=""3/2""","=""""","=""4.2999855""","=""""","=""0.0000004""","=""0.0021705""","=""""","=""L5783"""
"=""3p6.19d""","=""2D""","=""5/2""","=""""","=""4.30186273""","=""""","=""0.00000009""","=""0.0018772""","=""""","=""L5451"""
"=""3p6.19d""","=""2D""","=""3/2""","=""""","=""4.30186348""","=""""","=""0.00000009""","=""0.0000007""","=""""","=""L5451"""
"=""3p6.21s""","=""2S""","=""1/2""","=""""","=""4.30224787""","=""""","=""0.00000009""","=""0.0003844""","=""""","=""L5451"""
"=""3p6.21p""","=""2P*""","=""3/2""","=""""","=""4.3040947""","=""""","=""0.0000004""","=""0.0018468""","=""""","=""L5783"""
"=""3p6.20d""","=""2D""","=""5/2""","=""""","=""4.30569594""","=""""","=""0.00000009""","=""0.0016012""","=""""","=""L5451"""
"=""3p6.20d""","=""2D""","=""3/2""","=""""","=""4.30569657""","=""""","=""0.00000009""","=""0.0000006""","=""""","=""L5451"""
"=""3p6.22s""","=""2S""","=""1/2""","=""""","=""4.30602671""","=""""","=""0.00000009""","=""0.0003301""","=""""","=""L5451"""
"=""3p6.21d""","=""2D""","=""5/2""","=""""","=""4.30898808""","=""""","=""0.00000009""","=""0.0029614""","=""""","=""L5451"""
"=""3p6.21d""","=""2D""","=""3/2""","=""""","=""4.30898863""","=""""","=""0.00000009""","=""0.0000006""","=""""","=""L5451"""
"=""3p6.23s""","=""2S""","=""1/2""","=""""","=""4.30927424""","=""""","=""0.00000009""","=""0.0002856""","=""""","=""L5451"""
"=""3p6.22d""","=""2D""","=""5/2""","=""""","=""4.31183638""","=""""","=""0.00000009""","=""0.0025621""","=""""","=""L5451"""
"=""3p6.22d""","=""2D""","=""3/2""","=""""","=""4.31183685""","=""""","=""0.00000009""","=""0.0000005""","=""""","=""L5451"""
"=""3p6.24s""","=""2S""","=""1/2""","=""""","=""4.31208546""","=""""","=""0.00000009""","=""0.0002486""","=""""","=""L5451"""
"=""3p6.23d""","=""2D""","=""5/2""","=""""","=""4.31431710""","=""""","=""0.00000009""","=""0.0022316""","=""""","=""L5451"""
"=""3p6.23d""","=""2D""","=""3/2""","=""""","=""4.31431751""","=""""","=""0.00000009""","=""0.0000004""","=""""","=""L5451"""
"=""3p6.25s""","=""2S""","=""1/2""","=""""","=""4.31453530""","=""""","=""0.00000009""","=""0.0002178""","=""""","=""L5451"""
"=""3p6.24d""","=""2D""","=""5/2""","=""""","=""4.31649092""","=""""","=""0.00000009""","=""0.0019556""","=""""","=""L5451"""
"=""3p6.24d""","=""2D""","=""3/2""","=""""","=""4.31649130""","=""""","=""0.00000009""","=""0.0000004""","=""""","=""L5451"""
"=""3p6.26s""","=""2S""","=""1/2""","=""""","=""4.31668309""","=""""","=""0.00000009""","=""0.0001918""","=""""","=""L5451"""
"=""3p6.25d""","=""2D""","=""5/2""","=""""","=""4.31840644""","=""""","=""0.00000009""","=""0.0017234""","=""""","=""L5451"""
"=""3p6.25d""","=""2D""","=""3/2""","=""""","=""4.31840675""","=""""","=""0.00000009""","=""0.0000003""","=""""","=""L5451"""
"=""3p6.27s""","=""2S""","=""1/2""","=""""","=""4.31857656""","=""""","=""0.00000009""","=""0.0001698""","=""""","=""L5451"""
"=""3p6.26d""","=""2D""","=""5/2""","=""""","=""4.32010298""","=""""","=""0.00000009""","=""0.0015264""","=""""","=""L5451"""
"=""3p6.26d""","=""2D""","=""3/2""","=""""","=""4.32010327""","=""""","=""0.00000009""","=""0.0000003""","=""""","=""L5451"""
"=""3p6.28s""","=""2S""","=""1/2""","=""""","=""4.32025424""","=""""","=""0.00000009""","=""0.0001510""","=""""","=""L5451"""
"=""3p6.27d""","=""2D""","=""5/2""","=""""","=""4.32161269""","=""""","=""0.00000009""","=""0.0013585""","=""""","=""L5451"""
"=""3p6.27d""","=""2D""","=""3/2""","=""""","=""4.32161293""","=""""","=""0.00000009""","=""0.0000002""","=""""","=""L5451"""
"=""3p6.29s""","=""2S""","=""1/2""","=""""","=""4.32174783""","=""""","=""0.00000009""","=""0.0001349""","=""""","=""L5451"""
"=""3p6.28d""","=""2D""","=""5/2""","=""""","=""4.32296206""","=""""","=""0.00000009""","=""0.0012142""","=""""","=""L5451"""
"=""3p6.28d""","=""2D""","=""3/2""","=""""","=""4.32296229""","=""""","=""0.00000009""","=""0.0000002""","=""""","=""L5451"""
"=""3p6.30s""","=""2S""","=""1/2""","=""""","=""4.32308326""","=""""","=""0.00000009""","=""0.0001210""","=""""","=""L5451"""
"=""3p6.29d""","=""2D""","=""5/2""","=""[""","=""4.32417296""","=""]""","=""0.00000009""","=""0.0010897""","=""""","=""L5451"""
"=""3p6.29d""","=""2D""","=""3/2""","=""[""","=""4.32417317""","=""]""","=""0.00000009""","=""0.0000002""","=""""","=""L5451"""
"=""3p6.31s""","=""2S""","=""1/2""","=""[""","=""4.32428208""","=""]""","=""0.00000009""","=""0.0001089""","=""""","=""L5451"""
"=""3p6.30d""","=""2D""","=""5/2""","=""""","=""4.32526375""","=""""","=""0.00000009""","=""0.0009817""","=""""","=""L5451"""
"=""3p6.30d""","=""2D""","=""3/2""","=""""","=""4.32526392""","=""""","=""0.00000009""","=""0.0000002""","=""""","=""L5451"""
"=""3p6.32s""","=""2S""","=""1/2""","=""""","=""4.32536233""","=""""","=""0.00000009""","=""0.0000984""","=""""","=""L5451"""
"=""3p6.31d""","=""2D""","=""5/2""","=""[""","=""4.32624979""","=""]""","=""0.00000009""","=""0.0008875""","=""""","=""L5451"""
"=""3p6.31d""","=""2D""","=""3/2""","=""[""","=""4.32624996""","=""]""","=""0.00000009""","=""0.0000002""","=""""","=""L5451"""
"=""3p6.33s""","=""2S""","=""1/2""","=""[""","=""4.32633915""","=""]""","=""0.00000009""","=""0.0000892""","=""""","=""L5451"""
"=""3p6.32d""","=""2D""","=""5/2""","=""""","=""4.32714408""","=""""","=""0.00000009""","=""0.0008049""","=""""","=""L5451"""
"=""3p6.32d""","=""2D""","=""3/2""","=""""","=""4.32714423""","=""""","=""0.00000009""","=""0.0000001""","=""""","=""L5451"""
"=""3p6.34s""","=""2S""","=""1/2""","=""""","=""4.32722538""","=""""","=""0.00000009""","=""0.0000811""","=""""","=""L5451"""
"=""3p6.33d""","=""2D""","=""5/2""","=""[""","=""4.32795765""","=""]""","=""0.00000009""","=""0.0007323""","=""""","=""L5451"""
"=""3p6.33d""","=""2D""","=""3/2""","=""[""","=""4.32795779""","=""]""","=""0.00000009""","=""0.0000001""","=""""","=""L5451"""
"=""3p6.35s""","=""2S""","=""1/2""","=""[""","=""4.32803173""","=""]""","=""0.00000009""","=""0.0000739""","=""""","=""L5451"""
"=""3p6.34d""","=""2D""","=""5/2""","=""""","=""4.32869992""","=""""","=""0.00000009""","=""0.0006682""","=""""","=""L5451"""
"=""3p6.34d""","=""2D""","=""3/2""","=""""","=""4.32870004""","=""""","=""0.00000009""","=""0.0000001""","=""""","=""L5451"""
"=""3p6.36s""","=""2S""","=""1/2""","=""""","=""4.32876765""","=""""","=""0.00000009""","=""0.0000676""","=""""","=""L5451"""
"=""3p6.35d""","=""2D""","=""5/2""","=""[""","=""4.32937903""","=""]""","=""0.00000009""","=""0.0006114""","=""""","=""L5451"""
"=""3p6.35d""","=""2D""","=""3/2""","=""[""","=""4.32937913""","=""]""","=""0.00000009""","=""0.0000001""","=""""","=""L5451"""
"=""3p6.37s""","=""2S""","=""1/2""","=""[""","=""4.32944112""","=""]""","=""0.00000009""","=""0.0000620""","=""""","=""L5451"""
"=""3p6.36d""","=""2D""","=""5/2""","=""""","=""4.33000187""","=""""","=""0.00000009""","=""0.0005607""","=""""","=""L5451"""
"=""3p6.36d""","=""2D""","=""3/2""","=""""","=""4.33000198""","=""""","=""0.00000009""","=""0.0000001""","=""""","=""L5451"""
"=""3p6.38s""","=""2S""","=""1/2""","=""""","=""4.33005896""","=""""","=""0.00000009""","=""0.0000570""","=""""","=""L5451"""
"=""3p6.37d""","=""2D""","=""5/2""","=""[""","=""4.33057459""","=""]""","=""0.00000009""","=""0.0005156""","=""""","=""L5451"""
"=""3p6.37d""","=""2D""","=""3/2""","=""[""","=""4.33057467""","=""]""","=""0.00000009""","=""0.0000001""","=""""","=""L5451"""
"=""3p6.39s""","=""2S""","=""1/2""","=""[""","=""4.33062713""","=""]""","=""0.00000009""","=""0.0000525""","=""""","=""L5451"""
"=""3p6.38d""","=""2D""","=""5/2""","=""""","=""4.33110233""","=""""","=""0.00000009""","=""0.0004752""","=""""","=""L5451"""
"=""3p6.38d""","=""2D""","=""3/2""","=""""","=""4.33110242""","=""""","=""0.00000009""","=""0.0000001""","=""""","=""L5451"""
"=""3p6.40s""","=""2S""","=""1/2""","=""""","=""4.33115084""","=""""","=""0.00000009""","=""0.0000484""","=""""","=""L5451"""
"=""3p6.39d""","=""2D""","=""5/2""","=""[""","=""4.33158973""","=""]""","=""0.00000009""","=""0.0004389""","=""""","=""L5451"""
"=""3p6.39d""","=""2D""","=""3/2""","=""[""","=""4.33158981""","=""]""","=""0.00000009""","=""0.0000001""","=""""","=""L5451"""
"=""3p6.41s""","=""2S""","=""1/2""","=""[""","=""4.33163460""","=""]""","=""0.00000009""","=""0.0000448""","=""""","=""L5451"""
"=""3p6.40d""","=""2D""","=""5/2""","=""""","=""4.33204079""","=""""","=""0.00000009""","=""0.0004062""","=""""","=""L5451"""
"=""3p6.40d""","=""2D""","=""3/2""","=""""","=""4.33204087""","=""""","=""0.00000009""","=""0.0000001""","=""""","=""L5451"""
"=""3p6.42s""","=""2S""","=""1/2""","=""""","=""4.33208240""","=""""","=""0.00000009""","=""0.0000415""","=""""","=""L5451"""
"=""3p6.41d""","=""2D""","=""5/2""","=""[""","=""4.33245902""","=""]""","=""0.00000009""","=""0.0003766""","=""""","=""L5451"""
"=""3p6.41d""","=""2D""","=""3/2""","=""[""","=""4.33245911""","=""]""","=""0.00000009""","=""0.0000001""","=""""","=""L5451"""
"=""3p6.43s""","=""2S""","=""1/2""","=""[""","=""4.33249763""","=""]""","=""0.00000009""","=""0.0000385""","=""""","=""L5451"""
"=""3p6.42d""","=""2D""","=""5/2""","=""""","=""4.33284759""","=""""","=""0.00000009""","=""0.0003500""","=""""","=""L5451"""
"=""3p6.42d""","=""2D""","=""3/2""","=""[""","=""4.33284764""","=""]""","=""0.00000009""","=""0.0000000""","=""""","=""L5451"""
"=""3p6.44s""","=""2S""","=""1/2""","=""""","=""4.33288347""","=""""","=""0.00000009""","=""0.0000358""","=""""","=""L5451"""
"=""3p6.43d""","=""2D""","=""5/2""","=""[""","=""4.33320913""","=""]""","=""0.00000009""","=""0.0003257""","=""""","=""L5451"""
"=""3p6.43d""","=""2D""","=""3/2""","=""[""","=""4.33320920""","=""]""","=""0.00000009""","=""0.0000001""","=""""","=""L5451"""
"=""3p6.45s""","=""2S""","=""1/2""","=""[""","=""4.33324259""","=""]""","=""0.00000009""","=""0.0000334""","=""""","=""L5451"""
"=""3p6.44d""","=""2D""","=""5/2""","=""[""","=""4.33354618""","=""]""","=""0.00000009""","=""0.0003036""","=""""","=""L5451"""
"=""3p6.44d""","=""2D""","=""3/2""","=""[""","=""4.33354625""","=""]""","=""0.00000009""","=""0.0000001""","=""""","=""L5451"""
"=""3p6.46s""","=""2S""","=""1/2""","=""""","=""4.33357740""","=""""","=""0.00000009""","=""0.0000311""","=""""","=""L5451"""
"=""3p6.45d""","=""2D""","=""5/2""","=""[""","=""4.33386087""","=""]""","=""0.00000009""","=""0.0002835""","=""""","=""L5451"""
"=""3p6.45d""","=""2D""","=""3/2""","=""[""","=""4.33386094""","=""]""","=""0.00000009""","=""0.0000001""","=""""","=""L5451"""
"=""3p6.46d""","=""2D""","=""5/2""","=""""","=""4.33415514""","=""""","=""0.00000009""","=""0.0002942""","=""""","=""L5451"""
"=""3p6.46d""","=""2D""","=""3/2""","=""[""","=""4.33415521""","=""]""","=""0.00000009""","=""0.0000001""","=""""","=""L5451"""
"=""K II (3p6 1S<0>)""","=""Limit""","=""---""","=""""","=""4.34066373""","=""""","=""0.00000009""","=""""","=""""","=""L5451,L5783,L7185"""
"=""3p5.4s2""","=""2P*""","=""3/2""","=""""","=""18.7226""","=""""","=""0.0004""","=""14.3819""","=""""","=""L3602"""
"=""3p5.4s2""","=""2P*""","=""1/2""","=""""","=""18.9801""","=""""","=""0.0004""","=""0.2575""","=""""","=""L3602"""
"=""3p5.3d.(3P*).4s""","=""4P*""","=""1/2""","=""""","=""19.7590""","=""""","=""0.0005""","=""0.7789""","=""""","=""L3602"""
"=""3p5.3d.(3P*).4s""","=""4P*""","=""3/2""","=""""","=""19.7975""","=""""","=""0.0005""","=""0.0385""","=""""","=""L3602"""
"=""3p5.3d.(3P*).4s""","=""4P*""","=""5/2""","=""""","=""19.868""","=""""","=""0.008""","=""0.070""","=""""","=""L4582"""
"=""3p5.(2P*).4s.4p.(3P*)""","=""4S""","=""3/2""","=""""","=""20.020""","=""""","=""0.008""","=""0.15""","=""""","=""L4582"""
"=""3p5.3d.(3P*).4s""","=""2P*""","=""1/2""","=""""","=""20.1355""","=""""","=""0.0005""","=""0.116""","=""""","=""L3602"""
"=""3p5.3d.(3P*).4s""","=""2P*""","=""3/2""","=""""","=""20.2102""","=""""","=""0.0005""","=""0.0747""","=""""","=""L3602"""
"=""3p5.(2P*).4s.4p.(3P*)""","=""4D""","=""3/2""","=""""","=""20.396""","=""""","=""0.008""","=""0.186""","=""""","=""L4582"""
"=""3p5.(2P*).4s.4p.(3P*)""","=""4D""","=""1/2""","=""""","=""20.457""","=""""","=""0.008""","=""0.06""","=""""","=""L4582"""
"=""3p5.3d.(3F*).4s""","=""4F*""","=""7/2""","=""""","=""20.484""","=""""","=""0.008""","=""0.03""","=""""","=""L4582"""
"=""3p5.3d.(3F*).4s""","=""4F*""","=""5/2""","=""""","=""20.548""","=""""","=""0.008""","=""0.06""","=""""","=""L4582"""
"=""3p5.3d.(3F*).4s""","=""4F*""","=""3/2""","=""""","=""20.609""","=""""","=""0.008""","=""0.06""","=""""","=""L4582"""
"=""3p5.(2P*).4s.4p.(3P*)""","=""2D""","=""3/2""","=""""","=""20.644""","=""""","=""0.008""","=""0.03""","=""""","=""L4582"""
"=""3p5.(2P*).4s.4p.(3P*)""","=""2D""","=""5/2""","=""""","=""20.699""","=""""","=""0.008""","=""0.06""","=""""","=""L4582"""
"=""3p5.3d.(3F*).4s""","=""2F*""","=""7/2""","=""""","=""20.771""","=""""","=""0.008""","=""0.07""","=""""","=""L4582"""
"=""3p5.3d.(3F*).4s""","=""2F*""","=""5/2""","=""""","=""20.825""","=""""","=""0.008""","=""0.05""","=""""","=""L4582"""
"=""3p5.(2P*).4s.4p.(3P*)""","=""2P""","=""1/2""","=""""","=""20.876""","=""""","=""0.008""","=""0.05""","=""""","=""L4582"""
"=""3p5.(2P*).4s.4p.(3P*)""","=""2P""","=""3/2""","=""""","=""20.893""","=""""","=""0.008""","=""0.02""","=""""","=""L4582"""
"=""3p5.3d.(3D*).4s""","=""4D*""","=""7/2""","=""""","=""21.334""","=""""","=""0.008""","=""0.44""","=""""","=""L4582"""
"=""3p5.3d.(3D*).4s""","=""4D*""","=""3/2""","=""""","=""21.4025""","=""""","=""0.0005""","=""0.069""","=""""","=""L3602"""
"=""3p5.3d.(3D*).4s""","=""4D*""","=""1/2""","=""""","=""21.4245""","=""""","=""0.0005""","=""0.0220""","=""""","=""L3602"""
"=""3p5.3d.(1D*).4s""","=""2D*""","=""3/2""","=""""","=""21.4738""","=""""","=""0.0005""","=""0.0493""","=""""","=""L4582"""
"=""3p5.3d.(1D*).4s""","=""2D*""","=""5/2""","=""""","=""21.495""","=""""","=""0.008""","=""0.021""","=""""","=""L4582"""
"=""3p5.3d.(1F*).4s""","=""2F*""","=""7/2""","=""""","=""21.613""","=""""","=""0.008""","=""0.12""","=""""","=""L4582"""
"=""3p5.3d.(1F*).4s""","=""2F*""","=""5/2""","=""""","=""21.645""","=""""","=""0.008""","=""0.03""","=""""","=""L4582"""
"=""3p5.(2P*).4s.4p.(1P*)""","=""2D""","=""5/2""","=""""","=""21.798""","=""""","=""0.008""","=""0.15""","=""""","=""L4582"""
"=""3p5.(2P*).4s.4p.(1P*)""","=""2D""","=""3/2""","=""""","=""22.041""","=""""","=""0.008""","=""0.24""","=""""","=""L4582"""
"=""3p5.(2P*).4s.4p.(1P*)""","=""2S""","=""1/2""","=""""","=""21.856""","=""""","=""0.008""","=""-0.18""","=""""","=""L4582"""
"=""3p5.3d.(3D*).4s""","=""2D*""","=""5/2""","=""""","=""22.261""","=""""","=""0.008""","=""0.40""","=""""","=""L4582"""
"=""3p5.3d.(3D*).4s""","=""2D*""","=""3/2""","=""""","=""22.30315""","=""""","=""0.00025""","=""0.042""","=""""","=""L6851"""
"=""3p5.(2P*).4s.4p.(1P*)""","=""2P""","=""3/2""","=""""","=""22.356""","=""""","=""0.008""","=""0.053""","=""""","=""L4582"""
"=""3p5.4s.(1P*).5s""","=""2P*""","=""3/2""","=""""","=""22.85612""","=""""","=""0.00025""","=""0.500""","=""""","=""L6851"""
"=""3p5.4s.(1P*).5s""","=""2P*""","=""1/2""","=""""","=""22.95605""","=""""","=""0.00025""","=""0.0999""","=""""","=""L6851"""
"=""3p5.4s.(1P*).6s""","=""2P*""","=""1/2,3/2""","=""""","=""23.9379""","=""""","=""0.0004""","=""0.9818""","=""""","=""L6851"""
"=""3p5.4s.(1P*).5d""","=""2D*""","=""3/2""","=""""","=""24.0227""","=""""","=""0.0004""","=""0.0848""","=""""","=""L6851"""
"=""3p5.4s.(1P*).5d""","=""2P*""","=""1/2""","=""""","=""24.0462""","=""""","=""0.0004""","=""0.0235""","=""""","=""L6851"""
"=""3p5.4s.(1P*).5d""","=""2P*""","=""3/2""","=""""","=""24.0622""","=""""","=""0.0004""","=""0.0160""","=""""","=""L6851"""
"=""3p5.4s.(1P*).7s""","=""2P*""","=""1/2,3/2""","=""""","=""24.3403""","=""""","=""0.0004""","=""0.2781""","=""""","=""L6851"""
"=""3p5.4s.(1P*).6d""","=""2P*""","=""3/2""","=""""","=""24.3457""","=""""","=""0.0004""","=""0.0054""","=""""","=""L6851"""
"=""3p5.4s.(1P*).6d""","=""2P*""","=""1/2""","=""""","=""24.3910""","=""""","=""0.0004""","=""0.0453""","=""""","=""L6851"""
"=""3p5.4s.(1P*).6d""","=""2D*""","=""3/2""","=""""","=""24.4039""","=""""","=""0.0004""","=""0.0129""","=""""","=""L6851"""
"=""3p5.4s.(1P*).8s""","=""2P*""","=""1/2""","=""""","=""24.5350""","=""""","=""0.0004""","=""0.1311""","=""""","=""L6851"""
"=""3p5.4s.(1P*).8s""","=""2P*""","=""3/2""","=""""","=""24.5429""","=""""","=""0.0004""","=""0.0079""","=""""","=""L6851"""
"=""3p5.4s.(1P*).7d""","=""2P*""","=""1/2,3/2""","=""""","=""24.5552""","=""""","=""0.0004""","=""0.0123""","=""""","=""L6851"""
"=""3p5.4s.(1P*).8d""","=""2P*?""","=""1/2,3/2""","=""""","=""24.660""","=""""","=""0.019""","=""0.10""","=""""","=""L6851"""
"=""3p5.4s.(1P*).9s""","=""2P*?""","=""1/2,3/2""","=""""","=""24.660""","=""""","=""0.019""","=""0.00""","=""""","=""L6851"""
"=""3p5.4s.(1P*).10s""","=""2P*""","=""1/2,3/2""","=""""","=""24.7432""","=""""","=""0.0004""","=""0.08""","=""""","=""L6851"""
"=""3p5.4s.(1P*).11s""","=""2P*""","=""1/2,3/2""","=""""","=""24.794""","=""""","=""0.006""","=""0.051""","=""""","=""L6851"""
"=""3p5.4s.(1P*).10d""","=""2P*""","=""1/2,3/2""","=""""","=""24.794""","=""""","=""0.006""","=""0.000""","=""""","=""L6851"""
"=""3p5.4s.(1P*).12s""","=""2P*""","=""1/2,3/2""","=""""","=""24.830""","=""""","=""0.006""","=""0.036""","=""""","=""L6851"""
"=""3p5.4s.(1P*).11d""","=""2P*""","=""1/2,3/2""","=""""","=""24.830""","=""""","=""0.006""","=""0.000""","=""""","=""L6851"""
"=""3p5.4s.(1P*).13s""","=""2P*""","=""1/2,3/2""","=""""","=""24.858""","=""""","=""0.006""","=""0.028""","=""""","=""L6851"""
"=""3p5.4s.(1P*).12d""","=""2P*""","=""1/2,3/2""","=""""","=""24.858""","=""""","=""0.006""","=""0.000""","=""""","=""L6851"""
"=""3p5.4s.(1P*).14s""","=""2P*""","=""1/2,3/2""","=""""","=""24.879""","=""""","=""0.006""","=""0.021""","=""""","=""L6851"""
"=""3p5.4s.(1P*).13d""","=""2P*""","=""1/2,3/2""","=""""","=""24.879""","=""""","=""0.006""","=""0.000""","=""""","=""L6851"""
"=""3p5.4s.(1P*).15s""","=""2P*""","=""1/2,3/2""","=""""","=""24.8927""","=""""","=""0.0006""","=""0.014""","=""""","=""L6851"""
"=""3p5.4s.(1P*).14d""","=""2P*""","=""1/2,3/2""","=""""","=""24.8927""","=""""","=""0.0006""","=""0.0000""","=""""","=""L6851"""
"=""3p5.4s.(1P*).16s""","=""2P*""","=""1/2,3/2""","=""""","=""24.9053""","=""""","=""0.0004""","=""0.0126""","=""""","=""L6851"""
"=""3p5.4s.(1P*).15d""","=""2P*""","=""1/2,3/2""","=""""","=""24.9053""","=""""","=""0.0004""","=""0.0000""","=""""","=""L6851"""
"=""3p5.4s.(1P*).17s""","=""2P*""","=""1/2,3/2""","=""""","=""24.9149""","=""""","=""0.0004""","=""0.0096""","=""""","=""L6851"""
"=""3p5.4s.(1P*).16d""","=""2P*""","=""1/2,3/2""","=""""","=""24.9149""","=""""","=""0.0004""","=""0.0000""","=""""","=""L6851"""
"=""3p5.4s.(1P*).17d""","=""2P*""","=""1/2,3/2""","=""""","=""24.9226""","=""""","=""0.0004""","=""0.0077""","=""""","=""L6851"""
"=""3p5.4s.(1P*).18s""","=""2P*""","=""1/2,3/2""","=""""","=""24.9226""","=""""","=""0.0004""","=""0.0000""","=""""","=""L6851"""
"=""3p5.4s.(1P*).18d""","=""2P*""","=""1/2,3/2""","=""""","=""24.9293""","=""""","=""0.0004""","=""0.0067""","=""""","=""L6851"""
"=""3p5.4s.(1P*).19s""","=""2P*""","=""1/2,3/2""","=""""","=""24.9293""","=""""","=""0.0004""","=""0.0000""","=""""","=""L6851"""
"=""3p5.4s.(1P*).19d""","=""2P*""","=""1/2,3/2""","=""""","=""24.9347""","=""""","=""0.0004""","=""0.0054""","=""""","=""L6851"""
"=""3p5.4s.(1P*).20s""","=""2P*""","=""1/2,3/2""","=""""","=""24.9347""","=""""","=""0.0004""","=""0.0000""","=""""","=""L6851"""
"=""3p5.4s.(1P*).20d""","=""2P*""","=""1/2,3/2""","=""""","=""24.9393""","=""""","=""0.0004""","=""0.0046""","=""""","=""L6851"""
"=""3p5.4s.(1P*).21s""","=""2P*""","=""1/2,3/2""","=""""","=""24.9393""","=""""","=""0.0004""","=""0.0000""","=""""","=""L6851"""
"=""3p5.4s.(1P*).22s""","=""2P*""","=""1/2,3/2""","=""""","=""24.9431""","=""""","=""0.0004""","=""0.0038""","=""""","=""L6851"""
"=""3p5.4s.(1P*).21d""","=""2P*""","=""1/2,3/2""","=""""","=""24.9431""","=""""","=""0.0004""","=""0.0000""","=""""","=""L6851"""
"=""3p5.4s.(1P*).23s""","=""2P*""","=""1/2,3/2""","=""""","=""24.9466""","=""""","=""0.0004""","=""0.0035""","=""""","=""L6851"""
"=""3p5.4s.(1P*).22d""","=""2P*""","=""1/2,3/2""","=""""","=""24.9466""","=""""","=""0.0004""","=""0.0000""","=""""","=""L6851"""
"=""3p5.4s.(1P*).24s""","=""2P*""","=""1/2,3/2""","=""""","=""24.9495""","=""""","=""0.0004""","=""0.0029""","=""""","=""L6851"""
"=""3p5.4s.(1P*).23d""","=""2P*""","=""1/2,3/2""","=""""","=""24.9495""","=""""","=""0.0004""","=""0.0000""","=""""","=""L6851"""
"=""3p5.4s.(1P*).25s""","=""2P*""","=""1/2,3/2""","=""""","=""24.9522""","=""""","=""0.0004""","=""0.0027""","=""""","=""L6851"""
"=""3p5.4s.(1P*).24d""","=""2P*""","=""1/2,3/2""","=""""","=""24.9522""","=""""","=""0.0004""","=""0.0000""","=""""","=""L6851"""
"=""3p5.4s.(1P*).26s""","=""2P*""","=""1/2,3/2""","=""""","=""24.9543""","=""""","=""0.0004""","=""0.0021""","=""""","=""L6851"""
"=""3p5.4s.(1P*).25d""","=""2P*""","=""1/2,3/2""","=""""","=""24.9543""","=""""","=""0.0004""","=""0.0000""","=""""","=""L6851"""
"=""3p5.4s.(1P*).27s""","=""2P*""","=""1/2,3/2""","=""""","=""24.9563""","=""""","=""0.0004""","=""0.0020""","=""""","=""L6851"""
"=""3p5.4s.(1P*).26d""","=""2P*""","=""1/2,3/2""","=""""","=""24.9563""","=""""","=""0.0004""","=""0.0000""","=""""","=""L6851"""
"=""3p5.4s.(1P*).28s""","=""2P*""","=""1/2,3/2""","=""""","=""24.9581""","=""""","=""0.0004""","=""0.0018""","=""""","=""L6851"""
"=""3p5.4s.(1P*).27d""","=""2P*""","=""1/2,3/2""","=""""","=""24.9581""","=""""","=""0.0004""","=""0.0000""","=""""","=""L6851"""
"=""3p5.4s.(1P*).29s""","=""2P*""","=""1/2,3/2""","=""""","=""24.9596""","=""""","=""0.0004""","=""0.0015""","=""""","=""L6851"""
"=""3p5.4s.(1P*).28d""","=""2P*""","=""1/2,3/2""","=""""","=""24.9596""","=""""","=""0.0004""","=""0.0000""","=""""","=""L6851"""
"=""3p5.4s.(1P*).30s""","=""2P*""","=""1/2,3/2""","=""""","=""24.9610""","=""""","=""0.0004""","=""0.0014""","=""""","=""L6851"""
"=""3p5.4s.(1P*).29d""","=""2P*""","=""1/2,3/2""","=""""","=""24.9610""","=""""","=""0.0004""","=""0.0000""","=""""","=""L6851"""
"=""3p5.4s.(1P*).31s""","=""2P*""","=""1/2,3/2""","=""""","=""24.9625""","=""""","=""0.0004""","=""0.0015""","=""""","=""L6851"""
"=""3p5.4s.(1P*).30d""","=""2P*""","=""1/2,3/2""","=""""","=""24.9625""","=""""","=""0.0004""","=""0.0000""","=""""","=""L6851"""
"=""3p5.4s.(1P*).32s""","=""2P*""","=""1/2,3/2""","=""""","=""24.9637""","=""""","=""0.0004""","=""0.0012""","=""""","=""L6851"""
"=""3p5.4s.(1P*).31d""","=""2P*""","=""1/2,3/2""","=""""","=""24.9637""","=""""","=""0.0004""","=""0.0000""","=""""","=""L6851"""
"=""3p5.4s.(1P*).33s""","=""2P*""","=""1/2,3/2""","=""""","=""24.9650""","=""""","=""0.0004""","=""0.0013""","=""""","=""L6851"""
"=""3p5.4s.(1P*).32d""","=""2P*""","=""1/2,3/2""","=""""","=""24.9650""","=""""","=""0.0004""","=""0.0000""","=""""","=""L6851"""
"=""K II (3p5.4s 1P*<1>)""","=""Limit""","=""---""","=""""","=""24.978737""","=""""","=""0.000012""","=""""","=""""","=""L12188"""
"=""3p5.3d.(1P*).5s""","=""2P*""","=""1/2,3/2""","=""""","=""26.5399""","=""""","=""0.0004""","=""1.5612""","=""""","=""L6851"""
"=""3p5.3d.(1P*).11s""","=""2P*""","=""1/2,3/2""","=""""","=""29.1923""","=""""","=""0.0005""","=""2.6524""","=""""","=""L6851"""
"=""3p5.3d.(1P*).12s""","=""2P*""","=""1/2,3/2""","=""""","=""29.2259""","=""""","=""0.0005""","=""0.0336""","=""""","=""L6851"""
"=""3p5.3d.(1P*).13s""","=""2P*""","=""1/2,3/2""","=""""","=""29.2511""","=""""","=""0.0005""","=""0.0252""","=""""","=""L6851"""
"=""3p5.3d.(1P*).14s""","=""2P*""","=""1/2,3/2""","=""""","=""29.2689""","=""""","=""0.0005""","=""0.0178""","=""""","=""L6851"""
"=""3p5.3d.(1P*).15s""","=""2P*""","=""1/2,3/2""","=""""","=""29.2848""","=""""","=""0.0005""","=""0.0159""","=""""","=""L6851"""
"=""3p5.3d.(1P*).16s""","=""2P*""","=""1/2,3/2""","=""""","=""29.2975""","=""""","=""0.0005""","=""0.0127""","=""""","=""L6851"""
"=""3p5.3d.(1P*).17s""","=""2P*""","=""1/2,3/2""","=""""","=""29.3078""","=""""","=""0.0005""","=""0.0103""","=""""","=""L6851"""
"=""3p5.3d.(1P*).18s""","=""2P*""","=""1/2,3/2""","=""""","=""29.3169""","=""""","=""0.0005""","=""0.0091""","=""""","=""L6851"""
"=""3p5.3d.(1P*).19s""","=""2P*""","=""1/2,3/2""","=""""","=""29.3244""","=""""","=""0.0005""","=""0.0075""","=""""","=""L6851"""
"=""3p5.3d.(1P*).20s""","=""2P*""","=""1/2,3/2""","=""""","=""29.3308""","=""""","=""0.0005""","=""0.0064""","=""""","=""L6851"""
"=""3p5.3d.(1P*).21s""","=""2P*""","=""1/2,3/2""","=""""","=""29.3361""","=""""","=""0.0005""","=""0.0053""","=""""","=""L6851"""
"=""3p5.3d.(1P*).22s""","=""2P*""","=""1/2,3/2""","=""""","=""29.3407""","=""""","=""0.0005""","=""0.0046""","=""""","=""L6851"""
"=""3p5.3d.(1P*).23s""","=""2P*""","=""1/2,3/2""","=""""","=""29.3443""","=""""","=""0.0005""","=""0.0036""","=""""","=""L6851"""
"=""K II (3p5.3d 1P*<1>)""","=""Limit""","=""---""","=""""","=""29.380213""","=""""","=""0.000025""","=""""","=""""","=""L12188"""
