Configuration,Term,J,Prefix,Level (eV),Suffix,Uncertainty (eV),Splitting,Leading percentages,Reference
"=""2p6.3s""","=""2S""","=""1/2""","=""""","=""0.000000000""","=""""","=""0""","=""""","=""                                                                                              ""","=""L13237"""
"=""2p6.3p""","=""2P*""","=""1/2""","=""""","=""2.102297177""","=""""","=""0.000000005""","=""2.102297177""","=""                                                                                              ""","="""""
"=""2p6.3p""","=""2P*""","=""3/2""","=""""","=""2.104429202""","=""""","=""0.000000006""","=""0.002132025""","=""                                                                                              ""","="""""
"=""2p6.4s""","=""2S""","=""1/2""","=""""","=""3.1913531""","=""""","=""0.0000004""","=""1.0869239""","=""                                                                                              ""","="""""
"=""2p6.3d""","=""2D""","=""5/2""","=""""","=""3.61697081""","=""""","=""0.00000025""","=""0.4256177""","=""                                                                                              ""","="""""
"=""2p6.3d""","=""2D""","=""3/2""","=""""","=""3.61697701""","=""""","=""0.00000025""","=""0.0000062""","=""                                                                                              ""","="""""
"=""2p6.4p""","=""2P*""","=""1/2""","=""""","=""3.7526285""","=""""","=""0.0000025""","=""0.135651""","=""                                                                                              ""","="""""
"=""2p6.4p""","=""2P*""","=""3/2""","=""""","=""3.7533216""","=""""","=""0.0000025""","=""0.000693""","=""                                                                                              ""","="""""
"=""2p6.5s""","=""2S""","=""1/2""","=""""","=""4.11635883""","=""""","=""0.00000025""","=""0.363037""","=""                                                                                              ""","="""""
"=""2p6.4d""","=""2D""","=""5/2""","=""""","=""4.28349647""","=""""","=""0.00000025""","=""0.1671376""","=""                                                                                              ""","="""""
"=""2p6.4d""","=""2D""","=""3/2""","=""""","=""4.28350081""","=""""","=""0.00000025""","=""0.0000043""","=""                                                                                              ""","="""""
"=""2p6.4f""","=""2F*""","=""7/2""","=""""","=""4.2882316""","=""""","=""0.0000025""","=""0.004731""","=""                                                                                              ""","="""""
"=""2p6.4f""","=""2F*""","=""5/2""","=""""","=""4.2882316""","=""""","=""0.0000025""","=""0.000000""","=""                                                                                              ""","="""""
"=""2p6.5p""","=""2P*""","=""1/2""","=""""","=""4.3444534""","=""""","=""0.0000025""","=""0.056222""","=""                                                                                              ""","="""""
"=""2p6.5p""","=""2P*""","=""3/2""","=""""","=""4.3447597""","=""""","=""0.0000025""","=""0.000306""","=""                                                                                              ""","="""""
"=""2p6.6s""","=""2S""","=""1/2""","=""""","=""4.50962989""","=""""","=""0.00000025""","=""0.164870""","=""                                                                                              ""","="""""
"=""2p6.5d""","=""2D""","=""5/2""","=""""","=""4.59197201""","=""""","=""0.00000025""","=""0.0823421""","=""                                                                                              ""","="""""
"=""2p6.5d""","=""2D""","=""3/2""","=""""","=""4.59197449""","=""""","=""0.00000025""","=""0.0000025""","=""                                                                                              ""","="""""
"=""2p6.5f""","=""2F*""","=""7/2""","=""""","=""4.5945630""","=""""","=""0.0000025""","=""0.002589""","=""                                                                                              ""","="""""
"=""2p6.5f""","=""2F*""","=""5/2""","=""""","=""4.5945630""","=""""","=""0.0000025""","=""0.000000""","=""                                                                                              ""","="""""
"=""2p6.5g""","=""2G""","=""7/2,9/2""","=""""","=""4.594797""","=""""","=""0.000009""","=""0.000234""","=""                                                                                              ""","="""""
"=""2p6.6p""","=""2P*""","=""1/2""","=""""","=""4.6241543""","=""""","=""0.0000025""","=""0.029357""","=""                                                                                              ""","="""""
"=""2p6.6p""","=""2P*""","=""3/2""","=""""","=""4.6243143""","=""""","=""0.0000025""","=""0.000160""","=""                                                                                              ""","="""""
"=""2p6.7s""","=""2S""","=""1/2""","=""""","=""4.71289256""","=""""","=""0.00000025""","=""0.088578""","=""                                                                                              ""","="""""
"=""2p6.6d""","=""2D""","=""5/2""","=""""","=""4.75941304""","=""""","=""0.00000025""","=""0.0465205""","=""                                                                                              ""","="""""
"=""2p6.6d""","=""2D""","=""3/2""","=""""","=""4.75941465""","=""""","=""0.00000025""","=""0.0000016""","=""                                                                                              ""","="""""
"=""2p6.6f""","=""2F*""","=""7/2""","=""""","=""4.7609672""","=""""","=""0.0000025""","=""0.001553""","=""                                                                                              ""","="""""
"=""2p6.6f""","=""2F*""","=""5/2""","=""""","=""4.7609672""","=""""","=""0.0000025""","=""0.000000""","=""                                                                                              ""","="""""
"=""2p6.6g""","=""2G""","=""7/2""","=""[""","=""4.76110481""","=""]""","=""0.00000025""","=""0.000138""","=""                                                                                              ""","="""""
"=""2p6.6g""","=""2G""","=""9/2""","=""[""","=""4.76110530""","=""]""","=""0.00000025""","=""0.0000005""","=""                                                                                              ""","="""""
"=""2p6.6h""","=""2H*""","=""11/2""","=""[""","=""4.76113543""","=""]""","=""0.00000025""","=""0.0000301""","=""                                                                                              ""","="""""
"=""2p6.6h""","=""2H*""","=""9/2""","=""[""","=""4.76113617""","=""]""","=""0.00000025""","=""0.0000007""","=""                                                                                              ""","="""""
"=""2p6.7p""","=""2P*""","=""1/2""","=""""","=""4.7783733""","=""""","=""0.0000025""","=""0.017237""","=""                                                                                              ""","="""""
"=""2p6.7p""","=""2P*""","=""3/2""","=""""","=""4.7784663""","=""""","=""0.0000025""","=""0.000093""","=""                                                                                              ""","="""""
"=""2p6.8s""","=""2S""","=""1/2""","=""""","=""4.8314795""","=""""","=""0.0000025""","=""0.053013""","=""                                                                                              ""","="""""
"=""2p6.7d""","=""2D""","=""5/2""","=""""","=""4.8602959""","=""""","=""0.0000025""","=""0.028816""","=""                                                                                              ""","="""""
"=""2p6.7d""","=""2D""","=""3/2""","=""""","=""4.8602959""","=""""","=""0.0000025""","=""0.000000""","=""                                                                                              ""","="""""
"=""2p6.7f""","=""2F*""","=""7/2""","=""""","=""4.8612940""","=""""","=""0.0000025""","=""0.000998""","=""                                                                                              ""","="""""
"=""2p6.7f""","=""2F*""","=""5/2""","=""""","=""4.8612940""","=""""","=""0.0000025""","=""0.000000""","=""                                                                                              ""","="""""
"=""2p6.7g""","=""2G""","=""7/2,9/2""","=""[""","=""4.86138632""","=""]""","=""0.00000025""","=""0.000092""","=""                                                                                              ""","="""""
"=""2p6.7h""","=""2H*""","=""9/2,11/2""","=""[""","=""4.86140641""","=""]""","=""0.00000025""","=""0.0000201""","=""                                                                                              ""","="""""
"=""2p6.8p""","=""2P*""","=""1/2""","=""""","=""4.8723744""","=""""","=""0.0000025""","=""0.010968""","=""                                                                                              ""","="""""
"=""2p6.8p""","=""2P*""","=""3/2""","=""""","=""4.8724352""","=""""","=""0.0000025""","=""0.000061""","=""                                                                                              ""","="""""
"=""2p6.9s""","=""2S""","=""1/2""","=""""","=""4.9066561""","=""""","=""0.0000025""","=""0.034221""","=""                                                                                              ""","="""""
"=""2p6.8d""","=""2D""","=""5/2""","=""""","=""4.9257310""","=""""","=""0.0000025""","=""0.019075""","=""                                                                                              ""","="""""
"=""2p6.8d""","=""2D""","=""3/2""","=""""","=""4.9257310""","=""""","=""0.0000025""","=""0.000000""","=""                                                                                              ""","="""""
"=""2p6.8f""","=""2F*""","=""7/2""","=""""","=""4.9264080""","=""""","=""0.0000025""","=""0.000677""","=""                                                                                              ""","="""""
"=""2p6.8f""","=""2F*""","=""5/2""","=""""","=""4.9264080""","=""""","=""0.0000025""","=""0.000000""","=""                                                                                              ""","="""""
"=""2p6.8g""","=""2G""","=""7/2,9/2""","=""[""","=""4.92647220""","=""]""","=""0.00000025""","=""0.000064""","=""                                                                                              ""","="""""
"=""2p6.8h""","=""2H*""","=""9/2,11/2""","=""[""","=""4.92648609""","=""]""","=""0.00000025""","=""0.0000139""","=""                                                                                              ""","="""""
"=""2p6.9p""","=""2P*""","=""1/2""","=""[""","=""4.93388658""","=""]""","=""0.00000025""","=""0.0074005""","=""                                                                                              ""","="""""
"=""2p6.9p""","=""2P*""","=""3/2""","=""[""","=""4.93392762""","=""]""","=""0.00000025""","=""0.0000410""","=""                                                                                              ""","="""""
"=""2p6.10s""","=""2S""","=""1/2""","=""""","=""4.9572937""","=""""","=""0.0000025""","=""0.023366""","=""                                                                                              ""","="""""
"=""2p6.9d""","=""2D""","=""5/2""","=""""","=""4.9705650""","=""""","=""0.0000025""","=""0.013271""","=""                                                                                              ""","="""""
"=""2p6.9d""","=""2D""","=""3/2""","=""""","=""4.9705650""","=""""","=""0.0000025""","=""0.000000""","=""                                                                                              ""","="""""
"=""2p6.9f""","=""2F*""","=""7/2""","=""""","=""4.9710460""","=""""","=""0.0000025""","=""0.000481""","=""                                                                                              ""","="""""
"=""2p6.9f""","=""2F*""","=""5/2""","=""""","=""4.9710460""","=""""","=""0.0000025""","=""0.000000""","=""                                                                                              ""","="""""
"=""2p6.9g""","=""2G""","=""7/2,9/2""","=""[""","=""4.97109449""","=""]""","=""0.00000025""","=""0.000048""","=""                                                                                              ""","="""""
"=""2p6.9h""","=""2H*""","=""9/2,11/2""","=""[""","=""4.97110428""","=""]""","=""0.00000025""","=""0.0000098""","=""                                                                                              ""","="""""
"=""2p6.10p""","=""2P*""","=""1/2""","=""""","=""4.97633022""","=""""","=""0.00000025""","=""0.0052259""","=""                                                                                              ""","="""""
"=""2p6.10p""","=""2P*""","=""3/2""","=""""","=""4.97635910""","=""""","=""0.00000025""","=""0.0000289""","=""                                                                                              ""","="""""
"=""2p6.11s""","=""2S""","=""1/2""","=""""","=""4.99301675""","=""""","=""0.00000025""","=""0.0166576""","=""                                                                                              ""","="""""
"=""2p6.10d""","=""2D""","=""5/2""","=""""","=""5.00262788""","=""""","=""0.00000025""","=""0.0096111""","=""                                                                                              ""","="""""
"=""2p6.10d""","=""2D""","=""3/2""","=""""","=""5.00262826""","=""""","=""0.00000025""","=""0.0000004""","=""                                                                                              ""","="""""
"=""2p6.10f""","=""2F*""","=""7/2""","=""[""","=""5.00298074""","=""]""","=""0.00000025""","=""0.0003525""","=""                                                                                              ""","="""""
"=""2p6.10f""","=""2F*""","=""5/2""","=""[""","=""5.00298074""","=""]""","=""0.00000025""","=""0.0000000""","=""                                                                                              ""","="""""
"=""2p6.10g""","=""2G""","=""7/2,9/2""","=""[""","=""5.00301223""","=""]""","=""0.00000025""","=""0.0000315""","=""                                                                                              ""","="""""
"=""2p6.10h""","=""2H*""","=""9/2,11/2""","=""[""","=""5.00301943""","=""]""","=""0.00000025""","=""0.0000072""","=""                                                                                              ""","="""""
"=""2p6.11p""","=""2P*""","=""1/2""","=""""","=""5.00684459""","=""""","=""0.00000025""","=""0.0038252""","=""                                                                                              ""","="""""
"=""2p6.11p""","=""2P*""","=""3/2""","=""""","=""5.00686591""","=""""","=""0.00000025""","=""0.0000213""","=""                                                                                              ""","="""""
"=""2p6.12s""","=""2S""","=""1/2""","=""""","=""5.01915758""","=""""","=""0.00000025""","=""0.0122917""","=""                                                                                              ""","="""""
"=""2p6.11d""","=""2D""","=""5/2""","=""[""","=""5.02633094""","=""]""","=""0.00000025""","=""0.0071734""","=""                                                                                              ""","="""""
"=""2p6.11d""","=""2D""","=""3/2""","=""[""","=""5.02633118""","=""]""","=""0.00000025""","=""0.0000002""","=""                                                                                              ""","="""""
"=""2p6.11f""","=""2F*""","=""5/2""","=""[""","=""5.02660370""","=""]""","=""0.00000025""","=""0.0002725""","=""                                                                                              ""","="""""
"=""2p6.11f""","=""2F*""","=""7/2""","=""[""","=""5.02660370""","=""]""","=""0.00000025""","=""0.0000000""","=""                                                                                              ""","="""""
"=""2p6.11g""","=""2G""","=""7/2,9/2""","=""[""","=""5.02662738""","=""]""","=""0.00000025""","=""0.0000237""","=""                                                                                              ""","="""""
"=""2p6.12p""","=""2P*""","=""1/2""","=""[""","=""5.02951609""","=""]""","=""0.00000025""","=""0.0028887""","=""                                                                                              ""","="""""
"=""2p6.12p""","=""2P*""","=""3/2""","=""[""","=""5.02953221""","=""]""","=""0.00000025""","=""0.0000161""","=""                                                                                              ""","="""""
"=""2p6.13s""","=""2S""","=""1/2""","=""[""","=""5.03886016""","=""]""","=""0.00000025""","=""0.0093279""","=""                                                                                              ""","="""""
"=""2p6.12d""","=""2D""","=""3/2""","=""[""","=""5.04436022""","=""]""","=""0.00000025""","=""0.0055001""","=""                                                                                              ""","="""""
"=""2p6.12d""","=""2D""","=""5/2""","=""[""","=""5.04436022""","=""]""","=""0.00000025""","=""0.0000000""","=""                                                                                              ""","="""""
"=""2p6.12f""","=""2F*""","=""5/2,7/2""","=""[""","=""5.04457025""","=""]""","=""0.00000025""","=""0.0002100""","=""                                                                                              ""","="""""
"=""2p6.12g""","=""2G""","=""7/2,9/2""","=""[""","=""5.04458872""","=""]""","=""0.00000025""","=""0.0000185""","=""                                                                                              ""","="""""
"=""2p6.13p""","=""2P*""","=""1/2""","=""[""","=""5.04681945""","=""]""","=""0.00000025""","=""0.0022307""","=""                                                                                              ""","="""""
"=""2p6.13p""","=""2P*""","=""3/2""","=""[""","=""5.04683185""","=""]""","=""0.00000025""","=""0.0000124""","=""                                                                                              ""","="""""
"=""2p6.14s""","=""2S""","=""1/2""","=""[""","=""5.05407748""","=""]""","=""0.00000025""","=""0.0072456""","=""                                                                                              ""","="""""
"=""2p6.13d""","=""2D""","=""5/2""","=""[""","=""5.05838693""","=""]""","=""0.00000025""","=""0.0043095""","=""                                                                                              ""","="""""
"=""2p6.13d""","=""2D""","=""3/2""","=""[""","=""5.05838717""","=""]""","=""0.00000025""","=""0.0000002""","=""                                                                                              ""","="""""
"=""2p6.13f""","=""2F*""","=""5/2,7/2""","=""[""","=""5.05855207""","=""]""","=""0.00000025""","=""0.0001649""","=""                                                                                              ""","="""""
"=""2p6.13g""","=""2G""","=""7/2,9/2""","=""[""","=""5.05856658""","=""]""","=""0.00000025""","=""0.0000145""","=""                                                                                              ""","="""""
"=""2p6.14p""","=""2P*""","=""1/2""","=""[""","=""5.06032492""","=""]""","=""0.00000025""","=""0.0017583""","=""                                                                                              ""","="""""
"=""2p6.14p""","=""2P*""","=""3/2""","=""[""","=""5.06033472""","=""]""","=""0.00000025""","=""0.0000098""","=""                                                                                              ""","="""""
"=""2p6.15s""","=""2S""","=""1/2""","=""[""","=""5.06607469""","=""]""","=""0.00000025""","=""0.0057400""","=""                                                                                              ""","="""""
"=""2p6.14d""","=""2D""","=""5/2""","=""[""","=""5.06951376""","=""]""","=""0.00000025""","=""0.0034391""","=""                                                                                              ""","="""""
"=""2p6.14d""","=""2D""","=""3/2""","=""[""","=""5.06951389""","=""]""","=""0.00000025""","=""0.0000001""","=""                                                                                              ""","="""""
"=""2p6.14f""","=""2F*""","=""5/2,7/2""","=""[""","=""5.06964593""","=""]""","=""0.00000025""","=""0.0001320""","=""                                                                                              ""","="""""
"=""2p6.14g""","=""2G""","=""7/2,9/2""","=""[""","=""5.06965759""","=""]""","=""0.00000025""","=""0.0000117""","=""                                                                                              ""","="""""
"=""2p6.15p""","=""2P*""","=""1/2""","=""[""","=""5.07106803""","=""]""","=""0.00000025""","=""0.0014104""","=""                                                                                              ""","="""""
"=""2p6.15p""","=""2P*""","=""3/2""","=""[""","=""5.07107584""","=""]""","=""0.00000025""","=""0.0000078""","=""                                                                                              ""","="""""
"=""2p6.16s""","=""2S""","=""1/2""","=""[""","=""5.07569996""","=""]""","=""0.00000025""","=""0.0046241""","=""                                                                                              ""","="""""
"=""2p6.15d""","=""2D""","=""3/2""","=""[""","=""5.07848836""","=""]""","=""0.00000025""","=""0.0027884""","=""                                                                                              ""","="""""
"=""2p6.15d""","=""2D""","=""5/2""","=""[""","=""5.07848836""","=""]""","=""0.00000025""","=""0.0000000""","=""                                                                                              ""","="""""
"=""2p6.15f""","=""2F*""","=""5/2,7/2""","=""[""","=""5.07859573""","=""]""","=""0.00000025""","=""0.0001074""","=""                                                                                              ""","="""""
"=""2p6.15g""","=""2G""","=""7/2,9/2""","=""[""","=""5.07860528""","=""]""","=""0.00000025""","=""0.0000095""","=""                                                                                              ""","="""""
"=""2p6.16p""","=""2P*""","=""1/2""","=""[""","=""5.07975362""","=""]""","=""0.00000025""","=""0.0011483""","=""                                                                                              ""","="""""
"=""2p6.16p""","=""2P*""","=""3/2""","=""[""","=""5.07976007""","=""]""","=""0.00000025""","=""0.0000064""","=""                                                                                              ""","="""""
"=""2p6.17s""","=""2S""","=""1/2""","=""[""","=""5.08353997""","=""]""","=""0.00000025""","=""0.0037799""","=""                                                                                              ""","="""""
"=""2p6.16d""","=""2D""","=""5/2""","=""[""","=""5.08583182""","=""]""","=""0.00000025""","=""0.0022918""","=""                                                                                              ""","="""""
"=""2p6.16d""","=""2D""","=""3/2""","=""[""","=""5.08583194""","=""]""","=""0.00000025""","=""0.0000001""","=""                                                                                              ""","="""""
"=""2p6.16f""","=""2F*""","=""5/2,7/2""","=""[""","=""5.08592034""","=""]""","=""0.00000025""","=""0.0000884""","=""                                                                                              ""","="""""
"=""2p6.16g""","=""2G""","=""7/2,9/2""","=""[""","=""5.08592816""","=""]""","=""0.00000025""","=""0.0000078""","=""                                                                                              ""","="""""
"=""2p6.17p""","=""2P*""","=""1/2""","=""[""","=""5.08687564""","=""]""","=""0.00000025""","=""0.0009475""","=""                                                                                              ""","="""""
"=""2p6.17p""","=""2P*""","=""3/2""","=""[""","=""5.08688097""","=""]""","=""0.00000025""","=""0.0000053""","=""                                                                                              ""","="""""
"=""2p6.18s""","=""2S""","=""1/2""","=""[""","=""5.09001021""","=""]""","=""0.00000025""","=""0.0031292""","=""                                                                                              ""","="""""
"=""2p6.17d""","=""2D""","=""5/2""","=""[""","=""5.09191684""","=""]""","=""0.00000025""","=""0.0019066""","=""                                                                                              ""","="""""
"=""2p6.17d""","=""2D""","=""3/2""","=""[""","=""5.09191696""","=""]""","=""0.00000025""","=""0.0000001""","=""                                                                                              ""","="""""
"=""2p6.17f""","=""2F*""","=""5/2,7/2""","=""[""","=""5.09199061""","=""]""","=""0.00000025""","=""0.0000737""","=""                                                                                              ""","="""""
"=""2p6.17g""","=""2G""","=""7/2,9/2""","=""[""","=""5.09199718""","=""]""","=""0.00000025""","=""0.0000066""","=""                                                                                              ""","="""""
"=""2p6.18p""","=""2P*""","=""1/2""","=""[""","=""5.09278808""","=""]""","=""0.00000025""","=""0.0007909""","=""                                                                                              ""","="""""
"=""2p6.18p""","=""2P*""","=""3/2""","=""[""","=""5.09279242""","=""]""","=""0.00000025""","=""0.0000043""","=""                                                                                              ""","="""""
"=""2p6.19s""","=""2S""","=""1/2""","=""[""","=""5.09541220""","=""]""","=""0.00000025""","=""0.0026198""","=""                                                                                              ""","="""""
"=""2p6.18d""","=""2D""","=""3/2""","=""[""","=""5.09701544""","=""]""","=""0.00000025""","=""0.0016032""","=""                                                                                              ""","="""""
"=""2p6.18d""","=""2D""","=""5/2""","=""[""","=""5.09701544""","=""]""","=""0.00000025""","=""0.0000000""","=""                                                                                              ""","="""""
"=""2p6.18f""","=""2F*""","=""5/2,7/2""","=""[""","=""5.09707756""","=""]""","=""0.00000025""","=""0.0000621""","=""                                                                                              ""","="""""
"=""2p6.18g""","=""2G""","=""7/2""","=""[""","=""5.09708301""","=""]""","=""0.00000025""","=""0.0000055""","=""                                                                                              ""","="""""
"=""2p6.18g""","=""2G""","=""9/2""","=""[""","=""5.09708314""","=""]""","=""0.00000025""","=""0.0000001""","=""                                                                                              ""","="""""
"=""2p6.19p""","=""2P*""","=""1/2""","=""[""","=""5.09774992""","=""]""","=""0.00000025""","=""0.0006668""","=""                                                                                              ""","="""""
"=""2p6.19p""","=""2P*""","=""3/2""","=""[""","=""5.09775364""","=""]""","=""0.00000025""","=""0.0000037""","=""                                                                                              ""","="""""
"=""2p6.20s""","=""2S""","=""1/2""","=""[""","=""5.09996887""","=""]""","=""0.00000025""","=""0.0022152""","=""                                                                                              ""","="""""
"=""2p6.19d""","=""2D""","=""5/2""","=""[""","=""5.10132972""","=""]""","=""0.00000025""","=""0.0013609""","=""                                                                                              ""","="""""
"=""2p6.19d""","=""2D""","=""3/2""","=""[""","=""5.10132984""","=""]""","=""0.00000025""","=""0.0000001""","=""                                                                                              ""","="""""
"=""2p6.19f""","=""2F*""","=""5/2,7/2""","=""[""","=""5.10138254""","=""]""","=""0.00000025""","=""0.0000527""","=""                                                                                              ""","="""""
"=""2p6.19g""","=""2G""","=""7/2,9/2""","=""[""","=""5.10138725""","=""]""","=""0.00000025""","=""0.0000047""","=""                                                                                              ""","="""""
"=""2p6.20p""","=""2P*""","=""1/2""","=""[""","=""5.10195472""","=""]""","=""0.00000025""","=""0.0005675""","=""                                                                                              ""","="""""
"=""2p6.20p""","=""2P*""","=""3/2""","=""[""","=""5.10195795""","=""]""","=""0.00000025""","=""0.0000032""","=""                                                                                              ""","="""""
"=""2p6.20d""","=""2D""","=""3/2""","=""[""","=""5.10501280""","=""]""","=""0.00000025""","=""0.0030548""","=""                                                                                              ""","="""""
"=""2p6.20d""","=""2D""","=""5/2""","=""[""","=""5.10501280""","=""]""","=""0.00000025""","=""0.0000000""","=""                                                                                              ""","="""""
"=""2p6.20f""","=""2F*""","=""5/2,7/2""","=""[""","=""5.10505805""","=""]""","=""0.00000025""","=""0.0000453""","=""                                                                                              ""","="""""
"=""2p6.20g""","=""2G""","=""7/2,9/2""","=""[""","=""5.10506202""","=""]""","=""0.00000025""","=""0.0000040""","=""                                                                                              ""","="""""
"=""Na II (2p6 1S<0>)""","=""Limit""","=""---""","=""""","=""5.13907696""","=""""","=""0.00000025""","=""""","=""                                                                                              ""","=""L10921,L9648"""
"=""2p5.3s2""","=""2P*""","=""3/2""","=""""","=""30.7692""","=""""","=""0.0006""","=""25.6301""","=""  93                                               :     6  2p5.(2P*).3p2.(1S)    2P*         ""","="""""
"=""2p5.3s2""","=""2P*""","=""1/2""","=""""","=""30.9327""","=""""","=""0.0015""","=""0.163""","=""  93                                               :     6  2p5.(2P*).3p2.(1S)    2P*         ""","="""""
"=""2p5.(2P*).3s.3p.(3P*)""","=""4S""","=""3/2""","=""""","=""32.7002""","=""""","=""0.0005""","=""1.768""","=""  97                                                                                          ""","="""""
"=""2p5.(2P*).3s.3p.(3P*)""","=""4D""","=""7/2""","=""""","=""33.0525""","=""""","=""0.0005""","=""0.3523""","=""  98                                                                                          ""","="""""
"=""2p5.(2P*).3s.3p.(3P*)""","=""4D""","=""5/2""","=""""","=""33.0956""","=""""","=""0.0005""","=""0.0431""","=""  93                                                                                          ""","="""""
"=""2p5.(2P*).3s.3p.(3P*)""","=""4D""","=""3/2""","=""""","=""33.1388""","=""""","=""0.0005""","=""0.0432""","=""  90                                               :     5                        2D          ""","="""""
"=""2p5.(2P*).3s.3p.(3P*)""","=""4D""","=""1/2""","=""""","=""33.1752""","=""""","=""0.0005""","=""0.0364""","=""  94                                                                                          ""","="""""
"=""2p5.(2P*).3s.3p.(3P*)""","=""4P""","=""5/2""","=""""","=""33.2915""","=""""","=""0.0005""","=""0.1163""","=""  82                                               :    17                        2D          ""","="""""
"=""2p5.(2P*).3s.3p.(3P*)""","=""4P""","=""3/2""","=""""","=""33.3390""","=""""","=""0.0005""","=""0.0475""","=""  49                                               :    45                        2D          ""","="""""
"=""2p5.(2P*).3s.3p.(3P*)""","=""4P""","=""1/2""","=""""","=""33.3625""","=""""","=""0.0005""","=""0.0235""","=""  94                                                                                          ""","="""""
"=""2p5.(2P*).3s.3p.(3P*)""","=""2D""","=""3/2""","=""""","=""33.4418""","=""""","=""0.0016""","=""0.079""","=""  48                                               :    43                        4P          ""","="""""
"=""2p5.(2P*).3s.3p.(3P*)""","=""2D""","=""5/2""","=""""","=""33.5000""","=""""","=""0.0016""","=""0.058""","=""  78                                               :    15                        4P          ""","="""""
"=""2p5.(2P*).3s.3p.(3P*)""","=""2P""","=""1/2""","=""""","=""33.5479""","=""""","=""0.0016""","=""0.048""","=""  94                                                                                          ""","="""""
"=""2p5.(2P*).3s.3p.(3P*)""","=""2P""","=""3/2""","=""""","=""33.5845""","=""""","=""0.0016""","=""0.037""","=""  92                                                                                          ""","="""""
"=""2p5.(2P*).3s.3p.(3P*)""","=""2S""","=""1/2""","=""""","=""33.8769""","=""""","=""0.0016""","=""0.292""","=""  82                                               :    12  2p5.(2P*).3s.3p.(1P*) 2S          ""","="""""
"=""2p5.(2P*).3s.3p.(1P*)""","=""2D""","=""5/2""","=""""","=""34.7895""","=""""","=""0.0017""","=""0.913""","=""  86                                               :     5  2p5.3s.(3P*).4p       2D          ""","="""""
"=""2p5.(2P*).3s.3p.(1P*)""","=""2D""","=""3/2""","=""""","=""34.9730""","=""""","=""0.0017""","=""0.184""","=""  39                                               :    45                        2P          ""","="""""
"=""2p5.(2P*).3s.3p.(1P*)""","=""2S""","=""1/2""","=""""","=""34.8120""","=""""","=""0.0017""","=""-0.161""","=""  62                                               :    10  2p5.3s.(3P*).4p       2S          ""","="""""
"=""2p5.(2P*).3s.3p.(1P*)""","=""2P""","=""3/2""","=""""","=""34.8419""","=""""","=""0.0017""","=""0.030""","=""  38                                               :    47                        2D          ""","="""""
"=""2p5.(2P*).3s.3p.(1P*)""","=""2P""","=""1/2""","=""""","=""35.0047""","=""""","=""0.0017""","=""0.163""","=""  73                                               :     9                        2S          ""","="""""
"=""2p5.3s.(3P*).4s""","=""4P*""","=""5/2""","=""""","=""35.4967""","=""""","=""0.0005""","=""0.492""","=""  99                                                                                          ""","="""""
"=""2p5.3s.(3P*).4s""","=""4P*""","=""3/2""","=""""","=""35.5648""","=""""","=""0.0005""","=""0.0681""","=""  87                                           or  :    55  2p5.3s.(3P*<1>).4s    2[1]*       ""","="""""
"=""2p5.3s.(3P*).4s""","=""4P*""","=""1/2""","=""""","=""35.6299""","=""""","=""0.0005""","=""0.0651""","=""  87                                           or  :    56  2p5.3s.(3P*<1>).4s    2[1]*       ""","="""""
"=""2p5.3s.(3P*).4s""","=""2P*""","=""3/2""","=""""","=""35.7635""","=""""","=""0.0009""","=""0.134""","=""  86                                           or  :    52  2p5.3s.(3P*<2>).4s    2[2]*       ""","="""""
"=""2p5.3s.(3P*).4s""","=""2P*""","=""1/2""","=""""","=""35.7870""","=""""","=""0.0021""","=""0.023""","=""  62                                           or  :    53  2p5.3s.(3P*<0>).4s    2[0]*       ""","="""""
"=""2p5.3s.(3P*).3d""","=""2P*""","=""1/2""","=""""","=""35.9844""","=""""","=""0.0009""","=""0.197""","=""  67                                           or  :    35  2p5.3s.(3P*<2>).3d    2[1]*       ""","="""""
"=""2p5.3s.(3P*).3d""","=""2P*""","=""3/2""","=""""","=""36.0160""","=""""","=""0.0009""","=""0.032""","=""  44                                           or  :    40  2p5.3s.(3P*<2>).3d    2[2]*       ""","="""""
"=""2p5.3s.(1P*).4s""","=""2P*""","=""3/2""","=""""","=""36.0529""","=""""","=""0.0009""","=""0.037""","=""  89                                           or  :    89  2p5.3s.(1P*<1>).4s    2[1]*       ""","="""""
"=""2p5.3s.(1P*).4s""","=""2P*""","=""1/2""","=""""","=""36.1265""","=""""","=""0.0009""","=""0.074""","=""  68                                           or  :    68  2p5.3s.(1P*<1>).4s    2[1]*       ""","="""""
"=""2p5.3s.(3P*).3d""","=""2D*""","=""3/2""","=""""","=""36.2145""","=""""","=""0.0021""","=""0.088""","=""  51                                           or  :    29  2p5.3s.(3P*<1>).3d    2[1]*       ""","="""""
"=""2p5.3s.(3P*).3d""","=""4P*""","=""1/2""","=""""","=""36.2306""","=""""","=""0.0005""","=""0.016""","=""  94                                           or  :    62  2p5.3s.(3P*<2>).3d    2[0]*       ""","="""""
"=""2p5.3s.(3P*).3d""","=""4P*""","=""3/2""","=""""","=""36.2392""","=""""","=""0.0005""","=""0.0086""","=""  77                                           or  :    73  2p5.3s.(3P*<2>).3d    2[1]*       ""","="""""
"=""2p5.3s.(3P*).3d""","=""4F*""","=""9/2""","=""""","=""36.2456""","=""""","=""0.0005""","=""0.0064""","=""  99                                           or  :    99  2p5.3s.(3P*<2>).3d    2[4]*       ""","="""""
"=""2p5.3s.(3P*).3d""","=""4F*""","=""7/2""","=""""","=""36.2591""","=""""","=""0.0005""","=""0.0135""","=""  53                                           or  :    84  2p5.3s.(3P*<2>).3d    2[3]*       ""","="""""
"=""2p5.3s.(3P*).3d""","=""4F*""","=""5/2""","=""""","=""36.3167""","=""""","=""0.0005""","=""0.0576""","=""  56                                           or  :    57  2p5.3s.(3P*<1>).3d    2[2]*       ""","="""""
"=""2p5.3s.(3P*).3d""","=""4F*""","=""3/2""","=""""","=""36.3928""","=""""","=""0.0005""","=""0.0761""","=""  58                                           or  :    61  2p5.3s.(3P*<0>).3d    2[2]*       ""","="""""
"=""2p5.3s.(3P*).3d""","=""4D*""","=""5/2""","=""""","=""36.2529""","=""""","=""0.0005""","=""-0.1399""","=""  48                                           or  :    81  2p5.3s.(3P*<2>).3d    2[2]*       ""","="""""
"=""2p5.3s.(3P*).3d""","=""4D*""","=""3/2""","=""""","=""36.3286""","=""""","=""0.0005""","=""0.0757""","=""  43                                           or  :    37  2p5.3s.(3P*<1>).3d    2[2]*       ""","="""""
"=""2p5.3s.(3P*).3d""","=""4D*""","=""1/2""","=""""","=""36.3439""","=""""","=""0.0005""","=""0.0153""","=""  87                                           or  :    71  2p5.3s.(3P*<1>).3d    2[1]*       ""","="""""
"=""2p5.3s.(3P*).4p""","=""2D""","=""3/2""","=""""","=""36.5820""","=""""","=""0.0019""","=""0.238""","=""                                                                                              ""","="""""
"=""2p5.3s.(1P*).3d""","=""2P*""","=""3/2""","=""""","=""36.6118""","=""""","=""0.0009""","=""0.030""","=""  54                                           or  :    54  2p5.3s.(1P*<1>).3d    2[1]*       ""","="""""
"=""2p5.3s.(1P*).3d""","=""2P*""","=""1/2""","=""""","=""36.6406""","=""""","=""0.0009""","=""0.029""","=""  70                                           or  :    70  2p5.3s.(1P*<1>).3d    2[1]*       ""","="""""
"=""2p5.3s.(1P*).3d""","=""2D*""","=""5/2""","=""""","=""36.667""","=""""","=""0.011""","=""0.03""","=""  67                                           or  :    67  2p5.3s.(1P*<1>).3d    2[2]*       ""","="""""
"=""2p5.3s.(1P*).3d""","=""2D*""","=""3/2""","=""""","=""36.6682""","=""""","=""0.0017""","=""0.001""","=""  54                                           or  :    54  2p5.3s.(1P*<1>).3d    2[2]*       ""","="""""
"=""2p5.3s.(1P*).4p""","=""2D""","=""5/2""","=""""","=""36.7707""","=""""","=""0.0019""","=""0.102""","=""                                                                                              ""","="""""
"=""2p5.3s.(1P*).4p""","=""2D""","=""3/2""","=""""","=""36.8293""","=""""","=""0.0019""","=""0.059""","=""                                                                                              ""","="""""
"=""2p5.3s.(1P*).4p""","=""2S""","=""1/2""","=""""","=""36.7759""","=""""","=""0.0019""","=""-0.053""","=""                                                                                              ""","="""""
"=""2p5.3s.(1P*).4p""","=""2P""","=""3/2""","=""""","=""36.7995""","=""""","=""0.0019""","=""0.024""","=""                                                                                              ""","="""""
"=""2p5.3s.(1P*).4p""","=""2P""","=""1/2""","=""""","=""36.8383""","=""""","=""0.0019""","=""0.039""","=""                                                                                              ""","="""""
"=""2p5.3s.(3P*).5s""","=""4P*""","=""3/2""","=""""","=""36.8325""","=""""","=""0.0009""","=""-0.006""","=""  60                                           or  :    76  2p5.3s.(3P*<2>).5s    2[2]*       ""","="""""
"=""2p5.3s.(3P*).5s""","=""2P*""","=""3/2""","=""""","=""36.9033""","=""""","=""0.0009""","=""0.071""","=""  55                                           or  :    74  2p5.3s.(3P*<1>).5s    2[1]*       ""","="""""
"=""2p5.3s.(3P*).5s""","=""2P*""","=""1/2""","=""""","=""36.9907""","=""""","=""0.0009""","=""0.087""","=""  63                                           or  :    83  2p5.3s.(3P*<0>).5s    2[0]*       ""","="""""
"=""2p5.3s.(3P*).4d""","=""2P*""","=""1/2""","=""""","=""36.9131""","=""""","=""0.0009""","=""-0.078""","=""  71                                           or  :    39  2p5.3s.(3P*<2>).4d    2[1]*       ""","="""""
"=""2p5.3s.(3P*).4d""","=""2P*""","=""3/2""","=""""","=""36.9284""","=""""","=""0.0009""","=""0.015""","=""  40                                           or  :    45  2p5.3s.(3P*<2>).4d    2[2]*       ""","="""""
"=""2p5.3s.(3P*).4d""","=""2D*""","=""3/2""","=""""","=""37.0695""","=""""","=""0.0016""","=""0.141""","=""  43                                           or  :    41  2p5.3s.(3P*<1>).4d    2[2]*       ""","="""""
"=""2p5.3s.(3P*).4d""","=""4F*""","=""3/2""","=""""","=""37.2002""","=""""","=""0.0009""","=""0.131""","=""  61                                           or  :    80  2p5.3s.(3P*<0>).4d    2[2]*       ""","="""""
"=""2p5.3s.(1P*).5s""","=""2P*?""","=""3/2""","=""""","=""37.2723""","=""""","=""0.0009""","=""0.072""","=""  79                                           or  :    79  2p5.3s.(1P*<1>).5s    2[1]*       ""","="""""
"=""2p5.3s.(3P*).6s""","=""2P*""","=""3/2""","=""""","=""37.2916""","=""""","=""0.0009""","=""0.019""","=""  47                                           or  :    76  2p5.3s.(3P*<2>).6s    2[2]*       ""","="""""
"=""2p5.3s.(3P*).6s""","=""4P*?""","=""3/2""","=""""","=""37.3717""","=""""","=""0.0009""","=""0.080""","=""  41                                           or  :    61  2p5.3s.(3P*<1>).6s    2[1]*       ""","="""""
"=""2p5.3s.(3P*).6s""","=""4P*?""","=""1/2""","=""""","=""37.3795""","=""""","=""0.0016""","=""0.008""","=""  54                                           or  :    81  2p5.3s.(3P*<1>).6s    2[1]*       ""","="""""
"=""2p5.3s.(1P*).4d""","=""2P*?""","=""3/2""","=""""","=""37.3921""","=""""","=""0.0009""","=""0.013""","=""  23                                           or  :    23  2p5.3s.(1P*<1>).4d    2[1]*       ""","="""""
"=""2p5.3s.(1P*).4d""","=""2P*?""","=""1/2""","=""""","=""37.4403""","=""""","=""0.0009""","=""0.048""","=""  40  2p5.3s.(3P*).5d 4D*                      or  :    28  2p5.3s.(1P*<1>).4d    2[1]*       ""","="""""
"=""2p5.3s.(3P*).6s""","=""2P*?""","=""1/2""","=""""","=""37.4608""","=""""","=""0.0022""","=""0.020""","=""  51                                           or  :    90  2p5.3s.(3P*<0>).6s    2[0]*       ""","="""""
"=""2p5.3s.(3P*).5d""","=""4F*?""","=""3/2""","=""""","=""37.4952""","=""""","=""0.0009""","=""0.034""","=""  30                                           or  :    60  2p5.3s.(3P*<1>).5d    2[2]*       ""","="""""
"=""2p5.3s.(3P*).5d""","=""4D*?""","=""1/2""","=""""","=""37.5000""","=""""","=""0.0009""","=""0.005""","=""  41                                           or  :    56  2p5.3s.(3P*<1>).5d    2[1]*       ""","="""""
"=""2p5.3s.(3P*).7s""","=""2P*""","=""3/2""","=""""","=""37.5283""","=""""","=""0.0009""","=""0.028""","=""  71                                           or  :    96  2p5.3s.(3P*<2>).7s    2[2]*       ""","="""""
"=""2p5.3s.(3P*).6d""","=""2P*?""","=""1/2""","=""""","=""37.5461""","=""""","=""0.0009""","=""0.018""","=""  63                                           or  :    37  2p5.3s.(3P*<2>).6d    2[1]*       ""","="""""
"=""2p5.3s.(3P*).6d""","=""4P*?""","=""1/2,3/2""","=""""","=""37.5961""","=""""","=""0.0009""","=""0.050""","=""  63                                           or  :        2p5.3s.(3P*<2>).6d    2[0]*,2[1]* ""","="""""
"=""2p5.3s.(3P*).7s""","=""2P*,4P*""","=""1/2,3/2""","=""""","=""37.6169""","=""""","=""0.0009""","=""0.021""","=""                                               or  :    89  2p5.3s.(3P*<1>).7s    2[1]*       ""","="""""
"=""2p5.3s.(3P*).6d""","=""4D*?""","=""1/2""","=""""","=""37.6519""","=""""","=""0.0009""","=""0.035""","=""                                               or  :        2p5.3s.(3P*<1>).6d    2[1]*       ""","="""""
"=""2p5.3s.(3P*).8s""","=""2P*?""","=""3/2""","=""""","=""37.6588""","=""""","=""0.0022""","=""0.007""","=""  73                                           or  :    92  2p5.3s.(3P*<2>).8s    2[2]*       ""","="""""
"=""2p5.3s.(3P*).7s""","=""4P*""","=""1/2""","=""""","=""37.6880""","=""""","=""0.0009""","=""0.029""","=""  56                                           or  :    94  2p5.3s.(3P*<0>).7s    2[0]*       ""","="""""
"=""2p5.3s.(3P*).7d""","=""4P*?""","=""3/2""","=""""","=""37.6979""","=""""","=""0.0009""","=""0.010""","=""  61                                           or  :    65  2p5.3s.(3P*<2>).7d    2[1]*       ""","="""""
"=""2p5.3s.(3P*).7d""","=""2P*?""","=""1/2""","=""""","=""37.7024""","=""""","=""0.0022""","=""0.005""","=""  20  2p5.(2P*).3p2.(3P) 2P*                   or  :    17  2p5.3s.(3P*<2>).7d    2[0]*       ""","="""""
"=""2p5.3s.(3P*).9s""","=""2P*""","=""3/2""","=""""","=""37.7372""","=""""","=""0.0009""","=""0.035""","=""  66                                           or  :    81  2p5.3s.(3P*<2>).9s    2[2]*       ""","="""""
"=""2p5.3s.(1P*).6s""","=""2P*""","=""1/2,3/2""","=""""","=""37.7471""","=""""","=""0.0009""","=""0.010""","=""  47                                           or  :    47  2p5.3s.(1P*<1>).6s    2[1]*       ""","="""""
"=""2p5.3s.(3P*).6d""","=""4F*?""","=""3/2""","=""""","=""37.7590""","=""""","=""0.0009""","=""0.012""","=""  31                                           or  :    18  2p5.3s.(3P*<0>).6d    2[2]*       ""","="""""
"=""2p5.3s.(3P*).8d""","=""4P*""","=""1/2,3/2""","=""""","=""37.7667""","=""""","=""0.0009""","=""0.008""","=""  63                                           or  :    69  2p5.3s.(3P*<2>).8d    2[0]*,2[1]* ""","="""""
"=""2p5.3s.(3P*).7d""","=""4D*""","=""1/2,3/2""","=""""","=""37.7863""","=""""","=""0.0024""","=""0.020""","=""  41                                           or  :    79  2p5.3s.(3P*<1>).7d    2[1]*       ""","="""""
"=""2p5.3s.(3P*).10s""","=""2P*""","=""3/2""","=""""","=""37.7935""","=""""","=""0.0009""","=""0.007""","=""  78                                           or  :    94  2p5.3s.(3P*<2>).10s   2[2]*       ""","="""""
"=""2p5.3s.(3P*).9d""","=""4P*""","=""1/2,3/2""","=""""","=""37.8080""","=""""","=""0.0009""","=""0.014""","=""  70                                           or  :        2p5.3s.(3P*<2>).9d    2[0]*,2[1]* ""","="""""
"=""2p5.3s.(3P*).8s""","=""4P*""","=""1/2""","=""""","=""37.8210""","=""""","=""0.0009""","=""0.013""","=""  57                                           or  :    91  2p5.3s.(3P*<0>).8s    2[0]*       ""","="""""
"=""2p5.3s.(3P*).9s""","=""2P*,4P*?""","=""1/2,3/2""","=""""","=""37.8329""","=""""","=""0.0009""","=""0.012""","=""                                               or  :    84  2p5.3s.(3P*<1>).9s    2[1]*       ""","="""""
"=""2p5.3s.(3P*).10d""","=""4P*""","=""1/2,3/2""","=""""","=""37.8417""","=""""","=""0.0009""","=""0.009""","=""  73                                           or  :        2p5.3s.(3P*<2>).10d   2[0]*,2[1]* ""","="""""
"=""2p5.3s.(3P*).8d""","=""4D*""","=""1/2,3/2""","=""""","=""37.8439""","=""""","=""0.0024""","=""0.002""","=""  41                                           or  :    76  2p5.3s.(3P*<1>).8d    2[1]*       ""","="""""
"=""2p5.3s.(3P*).7d""","=""4F*""","=""3/2""","=""""","=""37.8547""","=""""","=""0.0009""","=""0.011""","=""  31                                           or  :    64  2p5.3s.(3P*<0>).7d    2[2]*       ""","="""""
"=""2p5.3s.(3P*).12s""","=""2P*""","=""3/2""","=""""","=""37.8594""","=""""","=""0.0009""","=""0.005""","=""  79                                           or  :    95  2p5.3s.(3P*<2>).12s   2[2]*       ""","="""""
"=""2p5.3s.(1P*).5d""","=""2P*""","=""1/2,3/2""","=""""","=""37.8656""","=""""","=""0.0009""","=""0.006""","=""  48                                           or  :    48  2p5.3s.(1P*<1>).5d    2[1]*       ""","="""""
"=""2p5.3s.(3P*).13s""","=""2P*""","=""3/2""","=""""","=""37.8779""","=""""","=""0.0009""","=""0.012""","=""  74                                           or  :    90  2p5.3s.(3P*<2>).13s   2[2]*       ""","="""""
"=""2p5.3s.(3P*).12d""","=""4P*?""","=""1/2,3/2""","=""""","=""37.8849""","=""""","=""0.0009""","=""0.007""","=""  70                                           or  :        2p5.3s.(3P*<2>).12d   2[0]*,2[1]* ""","="""""
"=""2p5.3s.(3P*).14s""","=""2P*""","=""3/2""","=""""","=""37.8954""","=""""","=""0.0009""","=""0.011""","=""  80                                           or  :    97  2p5.3s.(3P*<2>).14s   2[2]*       ""","="""""
"=""2p5.3s.(3P*).9s""","=""4P*?""","=""1/2""","=""""","=""37.9006""","=""""","=""0.0024""","=""0.005""","=""  61                                           or  :    95  2p5.3s.(3P*<0>).9s    2[0]*       ""","="""""
"=""2p5.3s.(3P*).15s""","=""2P*""","=""3/2""","=""""","=""37.9099""","=""""","=""0.0024""","=""0.009""","=""  81                                           or  :    98  2p5.3s.(3P*<2>).15s   2[2]*       ""","="""""
"=""2p5.3s.(3P*).16s""","=""2P*""","=""3/2""","=""""","=""37.9203""","=""""","=""0.0024""","=""0.010""","=""  79                                           or  :    95  2p5.3s.(3P*<2>).16s   2[2]*       ""","="""""
"=""2p5.3s.(3P*).11s""","=""2P*,4P*""","=""1/2,3/2""","=""""","=""37.9264""","=""""","=""0.0009""","=""0.006""","=""                                               or  :    88  2p5.3s.(3P*<1>).11s   2[1]*       ""","="""""
"=""2p5.3s.(3P*).8d""","=""4F*""","=""3/2""","=""""","=""37.9346""","=""""","=""0.0009""","=""0.008""","=""  26                                           or  :    55  2p5.3s.(3P*<0>).8d    2[2]*       ""","="""""
"=""2p5.3s.(3P*).12s""","=""2P*,4P*""","=""1/2,3/2""","=""""","=""37.9535""","=""""","=""0.0009""","=""0.019""","=""                                               or  :    91  2p5.3s.(3P*<1>).12s   2[1]*       ""","="""""
"=""2p5.3s.(3P*).10s""","=""4P*""","=""1/2""","=""""","=""37.9600""","=""""","=""0.0009""","=""0.007""","=""  58                                           or  :    89  2p5.3s.(3P*<0>).10s   2[0]*       ""","="""""
"=""2p5.3s.(3P*).13s""","=""2P*,4P*""","=""1/2,3/2""","=""""","=""37.9725""","=""""","=""0.0024""","=""0.012""","=""                                               or  :    95  2p5.3s.(3P*<1>).13s   2[1]*       ""","="""""
"=""2p5.3s.(3P*).9d""","=""4F*""","=""3/2""","=""""","=""37.9796""","=""""","=""0.0024""","=""0.007""","=""  45                                           or  :    94  2p5.3s.(3P*<0>).9d    2[2]*       ""","="""""
"=""Na II (2p5.3s 3P*<2>)""","=""Limit""","=""---""","=""""","=""37.985506""","=""""","=""0.000025""","=""""","=""                                                                                              ""","="""""
"=""2p5.3s.(1P*).7s""","=""2P*""","=""1/2,3/2""","=""""","=""37.9941""","=""""","=""0.0010""","=""0.0086""","=""  69                                           or  :    69  2p5.3s.(1P*<1>).7s    2[1]*       ""","="""""
"=""2p5.3s.(3P*).11s""","=""4P*""","=""1/2""","=""""","=""38.0041""","=""""","=""0.0010""","=""0.010""","=""  26                                           or  :    42  2p5.3s.(3P*<0>).11s   2[0]*       ""","="""""
"=""2p5.3s.(3P*).12s""","=""4P*""","=""1/2""","=""""","=""38.0274""","=""""","=""0.0010""","=""0.023""","=""  57                                           or  :    88  2p5.3s.(3P*<0>).12s   2[0]*       ""","="""""
"=""2p5.3s.(1P*).6d""","=""2P*""","=""1/2,3/2""","=""""","=""38.0506""","=""""","=""0.0010""","=""0.023""","=""  80                                           or  :    80  2p5.3s.(1P*<1>).6d    2[1]*       ""","="""""
"=""2p5.3s.(3P*).14s""","=""4P*""","=""1/2""","=""""","=""38.0670""","=""""","=""0.0010""","=""0.016""","=""  66                                           or  :   100  2p5.3s.(3P*<0>).14s   2[0]*       ""","="""""
"=""2p5.3s.(3P*).15s""","=""4P*""","=""1/2""","=""""","=""38.0770""","=""""","=""0.0010""","=""0.010""","=""  66                                           or  :   100  2p5.3s.(3P*<0>).15s   2[0]*       ""","="""""
"=""Na II (2p5.3s 3P*<1>)""","=""Limit""","=""---""","=""""","=""38.080391""","=""""","=""0.000025""","=""""","=""                                                                                              ""","="""""
"=""2p5.3s.(3P*).16s""","=""4P*""","=""1/2""","=""""","=""38.0884""","=""""","=""0.0010""","=""0.0080""","=""  66                                           or  :   100  2p5.3s.(3P*<0>).16s   2[0]*       ""","="""""
"=""2p5.3s.(3P*).17s""","=""4P*""","=""1/2""","=""""","=""38.0963""","=""""","=""0.0011""","=""0.008""","=""  66                                           or  :   100  2p5.3s.(3P*<0>).17s   2[0]*       ""","="""""
"=""2p5.3s.(3P*).18s""","=""4P*""","=""1/2""","=""""","=""38.1018""","=""""","=""0.0011""","=""0.005""","=""  66                                           or  :   100  2p5.3s.(3P*<0>).18s   2[0]*       ""","="""""
"=""2p5.3s.(3P*).19s""","=""4P*""","=""1/2""","=""""","=""38.1068""","=""""","=""0.0011""","=""0.005""","=""  66                                           or  :   100  2p5.3s.(3P*<0>).19s   2[0]*       ""","="""""
"=""2p5.3s.(3P*).20s""","=""4P*""","=""1/2""","=""""","=""38.1131""","=""""","=""0.0011""","=""0.006""","=""  66                                           or  :   100  2p5.3s.(3P*<0>).20s   2[0]*       ""","="""""
"=""2p5.3s.(1P*).8s""","=""2P*""","=""1/2,3/2""","=""""","=""38.1281""","=""""","=""0.0010""","=""0.015""","=""  94                                           or  :    94  2p5.3s.(1P*<1>).8s    2[1]*       ""","="""""
"=""Na II (2p5.3s 3P*<0>)""","=""Limit""","=""---""","=""""","=""38.153790""","=""""","=""0.000025""","=""""","=""                                                                                              ""","="""""
"=""2p5.3s.(1P*).7d""","=""2P*""","=""1/2,3/2""","=""""","=""38.1626""","=""""","=""0.0010""","=""0.0088""","=""  79                                           or  :    79  2p5.3s.(1P*<1>).7d    2[1]*       ""","="""""
"=""2p5.3s.(1P*).9s""","=""2P*""","=""1/2,3/2""","=""""","=""38.2113""","=""""","=""0.0010""","=""0.049""","=""  95                                           or  :    95  2p5.3s.(1P*<1>).9s    2[1]*       ""","="""""
"=""2p5.3s.(1P*).8d""","=""2P*""","=""1/2,3/2""","=""""","=""38.2340""","=""""","=""0.0010""","=""0.023""","=""  80                                           or  :    80  2p5.3s.(1P*<1>).8d    2[1]*       ""","="""""
"=""2p5.3s.(1P*).10s""","=""2P*""","=""1/2,3/2""","=""""","=""38.2666""","=""""","=""0.0010""","=""0.033""","=""  95                                           or  :    95  2p5.3s.(1P*<1>).10s   2[1]*       ""","="""""
"=""2p5.3s.(1P*).9d""","=""2P*""","=""1/2,3/2""","=""""","=""38.2830""","=""""","=""0.0010""","=""0.016""","=""  81                                           or  :    81  2p5.3s.(1P*<1>).9d    2[1]*       ""","="""""
"=""2p5.3s.(1P*).11s""","=""2P*""","=""1/2,3/2""","=""""","=""38.3047""","=""""","=""0.0010""","=""0.022""","=""  96                                           or  :    96  2p5.3s.(1P*<1>).11s   2[1]*       ""","="""""
"=""2p5.3s.(1P*).10d""","=""2P*""","=""1/2,3/2""","=""""","=""38.3166""","=""""","=""0.0010""","=""0.012""","=""  84                                           or  :    84  2p5.3s.(1P*<1>).10d   2[1]*       ""","="""""
"=""2p5.3s.(1P*).12s""","=""2P*""","=""1/2,3/2""","=""""","=""38.3326""","=""""","=""0.0010""","=""0.016""","=""  96                                           or  :    96  2p5.3s.(1P*<1>).12s   2[1]*       ""","="""""
"=""2p5.3s.(1P*).11d""","=""2P*""","=""1/2,3/2""","=""""","=""38.3417""","=""""","=""0.0010""","=""0.009""","=""  85                                           or  :    85  2p5.3s.(1P*<1>).11d   2[1]*       ""","="""""
"=""2p5.3s.(1P*).13s""","=""2P*""","=""1/2,3/2""","=""""","=""38.3540""","=""""","=""0.0010""","=""0.012""","=""  96                                           or  :    96  2p5.3s.(1P*<1>).13s   2[1]*       ""","="""""
"=""2p5.3s.(1P*).12d""","=""2P*""","=""1/2,3/2""","=""""","=""38.3611""","=""""","=""0.0010""","=""0.007""","=""  86                                           or  :    86  2p5.3s.(1P*<1>).12d   2[1]*       ""","="""""
"=""2p5.3s.(1P*).14s""","=""2P*""","=""1/2,3/2""","=""""","=""38.3698""","=""""","=""0.0024""","=""0.009""","=""  96                                           or  :    96  2p5.3s.(1P*<1>).14s   2[1]*       ""","="""""
"=""2p5.3s.(1P*).13d""","=""2P*""","=""1/2,3/2""","=""""","=""38.3761""","=""""","=""0.0010""","=""0.006""","=""  86                                           or  :    86  2p5.3s.(1P*<1>).13d   2[1]*       ""","="""""
"=""2p5.3s.(1P*).15s""","=""2P*""","=""1/2,3/2""","=""""","=""38.3840""","=""""","=""0.0024""","=""0.008""","=""  96                                           or  :    96  2p5.3s.(1P*<1>).15s   2[1]*       ""","="""""
"=""2p5.3s.(1P*).14d""","=""2P*""","=""1/2,3/2""","=""""","=""38.3871""","=""""","=""0.0010""","=""0.003""","=""  87                                           or  :    87  2p5.3s.(1P*<1>).14d   2[1]*       ""","="""""
"=""2p5.3s.(1P*).15d""","=""2P*""","=""1/2,3/2""","=""""","=""38.3970""","=""""","=""0.0024""","=""0.010""","=""  88                                           or  :    88  2p5.3s.(1P*<1>).15d   2[1]*       ""","="""""
"=""2p5.3s.(1P*).16d""","=""2P*""","=""1/2,3/2""","=""""","=""38.4042""","=""""","=""0.0024""","=""0.007""","=""  88                                           or  :    88  2p5.3s.(1P*<1>).16d   2[1]*       ""","="""""
"=""2p5.3s.(1P*).17d""","=""2P*""","=""1/2,3/2""","=""""","=""38.4102""","=""""","=""0.0024""","=""0.006""","=""  88                                           or  :    88  2p5.3s.(1P*<1>).17d   2[1]*       ""","="""""
"=""2p5.3s.(1P*).18d""","=""2P*""","=""1/2,3/2""","=""""","=""38.4149""","=""""","=""0.0024""","=""0.005""","=""  88                                           or  :    88  2p5.3s.(1P*<1>).18d   2[1]*       ""","="""""
"=""2p5.3s.(1P*).19d""","=""2P*""","=""1/2,3/2""","=""""","=""38.4208""","=""""","=""0.0024""","=""0.006""","=""  89                                           or  :    89  2p5.3s.(1P*<1>).19d   2[1]*       ""","="""""
"=""2p5.3s.(1P*).20d""","=""2P*""","=""1/2,3/2""","=""""","=""38.4244""","=""""","=""0.0024""","=""0.004""","=""  90                                           or  :    90  2p5.3s.(1P*<1>).20d   2[1]*       ""","="""""
"=""Na II (2p5.3s 1P*<1>)""","=""Limit""","=""---""","=""""","=""38.461437""","=""""","=""0.000025""","=""""","=""                                                                                              ""","="""""
"=""2p5.(2P*).3p2.(1S)""","=""2P*""","=""3/2""","=""""","=""38.55673""","=""""","=""0.00025""","=""0.0953""","=""  79                                               :     6  2p5.(2P*).3d2.(1S)    2P*         ""","="""""
"=""2p5.(2P*).3p2.(1S)""","=""2P*""","=""1/2""","=""""","=""38.7272""","=""""","=""0.0006""","=""0.1705""","=""  56                                               :    19  2p5.(2P*).3d2.(1S)    2P*         ""","="""""
"=""2p5.3p.(3P<1>).4p.(I)""","=""""","=""1/2,3/2""","=""""","=""40.150""","=""""","=""0.012""","=""1.42""","=""      2p5.(2P*<1/2>).3p.(3P<1>).4p.(I)                                                        ""","="""""
"=""2p5.3p.(3S<1>).4p""","=""2[1]*""","=""1/2,3/2""","=""""","=""40.5230""","=""""","=""0.0011""","=""0.37""","=""      2p5.(2P*<3/2>).3p.(3S<1>).4p                                                            ""","="""""
"=""2p5.3p.(3S<1>).5p""","=""2[1]*""","=""1/2,3/2""","=""""","=""40.8980""","=""""","=""0.0011""","=""0.375""","=""      2p5.(2P*<3/2>).3p.(3S<1>).5p                                                            ""","="""""
"=""2p5.3p.(3S<1>).6p""","=""2[1]*""","=""1/2,3/2""","=""""","=""41.0858""","=""""","=""0.0011""","=""0.188""","=""      2p5.(2P*<3/2>).3p.(3S<1>).6p                                                            ""","="""""
"=""2p5.3p.(3S<1>).7p""","=""2[1]*""","=""1/2,3/2""","=""""","=""41.1990""","=""""","=""0.0011""","=""0.113""","=""      2p5.(2P*<3/2>).3p.(3S<1>).7p                                                            ""","="""""
"=""2p5.3p.(3P<1>).5p.(I)""","=""""","=""1/2,3/2""","=""""","=""41.2250""","=""""","=""0.0014""","=""0.026""","=""      2p5.(2P*<1/2>).3p.(3P<1>).5p.(I)                                                        ""","="""""
"=""2p5.3p.(3S<1>).8p""","=""2[1]*""","=""1/2,3/2""","=""""","=""41.2698""","=""""","=""0.0011""","=""0.045""","=""      2p5.(2P*<3/2>).3p.(3S<1>).8p                                                            ""","="""""
"=""2p5.3p.(1D<2>).4p""","=""""","=""1/2,3/2""","=""""","=""41.2941""","=""""","=""0.0011""","=""0.024""","=""      2p5.(2P*<3/2>).3p.(1D<2>).4p                                                            ""","="""""
"=""2p5.3p.(3S<1>).9p""","=""2[1]*""","=""1/2,3/2""","=""""","=""41.3165""","=""""","=""0.0011""","=""0.022""","=""      2p5.(2P*<3/2>).3p.(3S<1>).9p                                                            ""","="""""
"=""2p5.3p.(3S<1>).10p""","=""2[1]*""","=""1/2,3/2""","=""""","=""41.3510""","=""""","=""0.0011""","=""0.035""","=""      2p5.(2P*<3/2>).3p.(3S<1>).10p                                                           ""","="""""
"=""2p5.3p.(3S<1>).11p""","=""2[1]*""","=""1/2,3/2""","=""""","=""41.3770""","=""""","=""0.0011""","=""0.026""","=""      2p5.(2P*<3/2>).3p.(3S<1>).11p                                                           ""","="""""
"=""2p5.3p.(3S<1>).12p""","=""2[1]*""","=""1/2,3/2""","=""""","=""41.3941""","=""""","=""0.0011""","=""0.017""","=""      2p5.(2P*<3/2>).3p.(3S<1>).12p                                                           ""","="""""
"=""2p5.3p.(3S<1>).13p""","=""2[1]*""","=""1/2,3/2""","=""""","=""41.4089""","=""""","=""0.0011""","=""0.015""","=""      2p5.(2P*<3/2>).3p.(3S<1>).13p                                                           ""","="""""
"=""2p5.3p.(1P<1>).4p""","=""""","=""1/2,3/2""","=""""","=""41.4162""","=""""","=""0.0011""","=""0.007""","=""      2p5.(2P*<1/2>).3p.(1P<1>).4p                                                            ""","="""""
"=""2p5.3p.(3S<1>).14p""","=""2[1]*""","=""1/2,3/2""","=""""","=""41.4213""","=""""","=""0.0011""","=""0.005""","=""      2p5.(2P*<3/2>).3p.(3S<1>).14p                                                           ""","="""""
"=""2p5.3p.(3S<1>).15p""","=""2[1]*""","=""1/2,3/2""","=""""","=""41.4317""","=""""","=""0.0014""","=""0.010""","=""      2p5.(2P*<3/2>).3p.(3S<1>).15p                                                           ""","="""""
"=""2p5.3p.(3S<1>).16p""","=""2[1]*""","=""1/2,3/2""","=""""","=""41.4371""","=""""","=""0.0014""","=""0.005""","=""      2p5.(2P*<3/2>).3p.(3S<1>).16p                                                           ""","="""""
"=""2p5.3p.(3P<1>).4p.(II)""","=""""","=""1/2,3/2""","=""""","=""41.4871""","=""""","=""0.0014""","=""0.050""","=""      2p5.(2P*<1/2>).3p.(3P<1>).4p.(II)                                                       ""","="""""
"=""2p5.3p.(1D<2>).5p""","=""""","=""1/2,3/2""","=""""","=""41.6599""","=""""","=""0.0011""","=""0.173""","=""      2p5.(2P*<3/2>).3p.(1D<2>).5p                                                            ""","="""""
"=""2p5.3p.(3P<1>).6p.(I)""","=""""","=""1/2,3/2""","=""""","=""41.6908""","=""""","=""0.0014""","=""0.031""","=""      2p5.(2P*<1/2>).3p.(3P<1>).6p.(I)                                                        ""","="""""
"=""2p5.3p.(1P<1>).5p""","=""""","=""1/2,3/2""","=""""","=""41.7483""","=""""","=""0.0011""","=""0.057""","=""      2p5.(2P*<1/2>).3p.(1P<1>).5p                                                            ""","="""""
"=""2p5.3p.(3P<1>).5p.(II)""","=""""","=""1/2,3/2""","=""""","=""41.8145""","=""""","=""0.0014""","=""0.066""","=""      2p5.(2P*<1/2>).3p.(3P<1>).5p.(II)                                                       ""","="""""
"=""2p5.3p.(1D<2>).6p""","=""""","=""1/2,3/2""","=""""","=""41.8345""","=""""","=""0.0011""","=""0.020""","=""      2p5.(2P*<3/2>).3p.(1D<2>).6p                                                            ""","="""""
"=""2p5.3p.(1P<1>).6p""","=""""","=""1/2,3/2""","=""""","=""41.9251""","=""""","=""0.0011""","=""0.091""","=""      2p5.(2P*<1/2>).3p.(1P<1>).6p                                                            ""","="""""
"=""2p5.3p.(3P<1>).7p.(I)""","=""""","=""1/2,3/2""","=""""","=""41.9276""","=""""","=""0.0014""","=""0.002""","=""      2p5.(2P*<1/2>).3p.(3P<1>).7p.(I)                                                        ""","="""""
"=""2p5.3p.(1D<2>).7p""","=""""","=""1/2,3/2""","=""""","=""41.9440""","=""""","=""0.0011""","=""0.016""","=""      2p5.(2P*<3/2>).3p.(1D<2>).7p                                                            ""","="""""
"=""2p5.3p.(3P<1>).6p.(II)""","=""""","=""1/2,3/2""","=""""","=""42.0114""","=""""","=""0.0014""","=""0.067""","=""      2p5.(2P*<1/2>).3p.(3P<1>).6p.(II)                                                       ""","="""""
"=""2p5.3p.(1D<2>).8p""","=""""","=""1/2,3/2""","=""""","=""42.0129""","=""""","=""0.0014""","=""0.002""","=""      2p5.(2P*<3/2>).3p.(1D<2>).8p                                                            ""","="""""
"=""2p5.3p.(1P<1>).7p""","=""""","=""1/2,3/2""","=""""","=""42.0300""","=""""","=""0.0014""","=""0.017""","=""      2p5.(2P*<1/2>).3p.(1P<1>).7p                                                            ""","="""""
"=""2p5.3p.(1D<2>).9p""","=""""","=""1/2,3/2""","=""""","=""42.0614""","=""""","=""0.0015""","=""0.031""","=""      2p5.(2P*<3/2>).3p.(1D<2>).9p                                                            ""","="""""
"=""2p5.3p.(3P<1>).8p.(I)""","=""""","=""1/2,3/2""","=""""","=""42.0642""","=""""","=""0.0015""","=""0.003""","=""      2p5.(2P*<1/2>).3p.(3P<1>).8p.(I)                                                        ""","="""""
"=""2p5.3p.(1D<2>).10p""","=""""","=""1/2,3/2""","=""""","=""42.0941""","=""""","=""0.0015""","=""0.030""","=""      2p5.(2P*<3/2>).3p.(1D<2>).10p                                                           ""","="""""
"=""2p5.3p.(1P<1>).8p""","=""""","=""1/2,3/2""","=""""","=""42.1013""","=""""","=""0.0015""","=""0.007""","=""      2p5.(2P*<1/2>).3p.(1P<1>).8p                                                            ""","="""""
"=""2p5.3p.(3P<1>).7p.(II)""","=""""","=""1/2,3/2""","=""""","=""42.1085""","=""""","=""0.0015""","=""0.007""","=""      2p5.(2P*<1/2>).3p.(3P<1>).7p.(II)                                                       ""","="""""
"=""2p5.3p.(1P<1>).9p""","=""""","=""1/2,3/2""","=""""","=""42.1457""","=""""","=""0.0015""","=""0.037""","=""      2p5.(2P*<1/2>).3p.(1P<1>).9p                                                            ""","="""""
"=""2p5.3p.(3P<1>).9p.(I)""","=""""","=""1/2,3/2""","=""""","=""42.1457""","=""""","=""0.0015""","=""0.000""","=""      2p5.(2P*<1/2>).3p.(3P<1>).9p.(I)                                                        ""","="""""
"=""2p5.3p.(3P<1>).8p.(II)""","=""""","=""1/2,3/2""","=""""","=""42.1758""","=""""","=""0.0015""","=""0.030""","=""      2p5.(2P*<1/2>).3p.(3P<1>).8p.(II)                                                       ""","="""""
"=""2p5.3p.(1P<1>).10p""","=""""","=""1/2,3/2""","=""""","=""42.1787""","=""""","=""0.0015""","=""0.003""","=""      2p5.(2P*<1/2>).3p.(1P<1>).10p                                                           ""","="""""
"=""2p5.3p.(3P<1>).10p.(I)""","=""""","=""1/2,3/2""","=""""","=""42.2016""","=""""","=""0.0015""","=""0.023""","=""      2p5.(2P*<1/2>).3p.(3P<1>).10p.(I)                                                       ""","="""""
"=""2p5.3p.(1P<1>).11p""","=""""","=""1/2,3/2""","=""""","=""42.2045""","=""""","=""0.0015""","=""0.003""","=""      2p5.(2P*<1/2>).3p.(1P<1>).11p                                                           ""","="""""
"=""2p5.3p.(1P<1>).12p""","=""""","=""1/2,3/2""","=""""","=""42.2232""","=""""","=""0.0015""","=""0.019""","=""      2p5.(2P*<1/2>).3p.(1P<1>).12p                                                           ""","="""""
"=""2p5.3p.(3P<1>).9p.(II)""","=""""","=""1/2,3/2""","=""""","=""42.2232""","=""""","=""0.0015""","=""0.000""","=""      2p5.(2P*<1/2>).3p.(3P<1>).9p.(II)                                                       ""","="""""
"=""2p5.3p.(1P<1>).13p""","=""""","=""1/2,3/2""","=""""","=""42.2376""","=""""","=""0.0015""","=""0.014""","=""      2p5.(2P*<1/2>).3p.(1P<1>).13p                                                           ""","="""""
"=""2p5.3p.(3P<1>).11p.(I)""","=""""","=""1/2,3/2""","=""""","=""42.2419""","=""""","=""0.0015""","=""0.004""","=""      2p5.(2P*<1/2>).3p.(3P<1>).11p.(I)                                                       ""","="""""
"=""2p5.3p.(1P<1>).14p""","=""""","=""1/2,3/2""","=""""","=""42.2491""","=""""","=""0.0015""","=""0.007""","=""      2p5.(2P*<1/2>).3p.(1P<1>).14p                                                           ""","="""""
"=""2p5.3p.(3P<1>).10p.(II)""","=""""","=""1/2,3/2""","=""""","=""42.2563""","=""""","=""0.0015""","=""0.007""","=""      2p5.(2P*<1/2>).3p.(3P<1>).10p.(II)                                                      ""","="""""
"=""2p5.3p.(3P<1>).12p.(I)""","=""""","=""1/2,3/2""","=""""","=""42.2722""","=""""","=""0.0015""","=""0.016""","=""      2p5.(2P*<1/2>).3p.(3P<1>).12p.(I)                                                       ""","="""""
"=""2p5.3p.(3P<1>).11p.(II)""","=""""","=""1/2,3/2""","=""""","=""42.2808""","=""""","=""0.0015""","=""0.009""","=""      2p5.(2P*<1/2>).3p.(3P<1>).11p.(II)                                                      ""","="""""
"=""2p5.3p.(3P<1>).13p.(I)""","=""""","=""1/2,3/2""","=""""","=""42.2924""","=""""","=""0.0015""","=""0.012""","=""      2p5.(2P*<1/2>).3p.(3P<1>).13p.(I)                                                       ""","="""""
"=""2p5.3p.(3P<1>).12p.(II)""","=""""","=""1/2,3/2""","=""""","=""42.303""","=""""","=""0.015""","=""0.01""","=""      2p5.(2P*<1/2>).3p.(3P<1>).12p.(II)                                                      ""","="""""
"=""2p5.3p.(3P<1>).13p.(II)""","=""""","=""1/2,3/2""","=""""","=""42.326""","=""""","=""0.015""","=""0.02""","=""      2p5.(2P*<1/2>).3p.(3P<1>).13p.(II)                                                      ""","="""""
"=""2p5.3p.(3P<1>).14p.(II)""","=""""","=""1/2,3/2""","=""""","=""42.329""","=""""","=""0.015""","=""0.00""","=""      2p5.(2P*<1/2>).3p.(3P<1>).14p.(II)                                                      ""","="""""
"=""2p5.3p.(3P<1>).15p.(II)""","=""""","=""1/2,3/2""","=""""","=""42.344""","=""""","=""0.015""","=""0.02""","=""      2p5.(2P*<1/2>).3p.(3P<1>).15p.(II)                                                      ""","="""""
"=""2p5.3p.(1S<0>).4p""","=""2[1]*""","=""1/2,3/2""","=""""","=""42.4787""","=""""","=""0.0011""","=""0.13""","=""      2p5.(2P*<1/2>).3p.(1S<0>).4p                                                            ""","="""""
"=""2p5.3p.(1S<0>).5p""","=""2[1]*""","=""1/2,3/2""","=""""","=""42.8339""","=""""","=""0.0012""","=""0.355""","=""      2p5.(2P*<1/2>).3p.(1S<0>).5p                                                            ""","="""""
"=""2p5.3p.(1S<0>).6p""","=""2[1]*""","=""1/2,3/2""","=""""","=""43.0257""","=""""","=""0.0012""","=""0.192""","=""      2p5.(2P*<1/2>).3p.(1S<0>).6p                                                            ""","="""""
"=""2p5.3p.(1S<0>).7p""","=""2[1]*""","=""1/2,3/2""","=""""","=""43.1370""","=""""","=""0.0012""","=""0.111""","=""      2p5.(2P*<1/2>).3p.(1S<0>).7p                                                            ""","="""""
"=""2p5.3p.(1S<0>).8p""","=""2[1]*""","=""1/2,3/2""","=""""","=""43.2085""","=""""","=""0.0012""","=""0.072""","=""      2p5.(2P*<1/2>).3p.(1S<0>).8p                                                            ""","="""""
"=""2p5.3p.(1S<0>).9p""","=""2[1]*""","=""1/2,3/2""","=""""","=""43.2572""","=""""","=""0.0012""","=""0.049""","=""      2p5.(2P*<1/2>).3p.(1S<0>).9p                                                            ""","="""""
"=""2p5.3p.(1S<0>).10p""","=""2[1]*""","=""1/2,3/2""","=""""","=""43.2911""","=""""","=""0.0012""","=""0.034""","=""      2p5.(2P*<1/2>).3p.(1S<0>).10p                                                           ""","="""""
"=""2p5.3p.(1S<0>).11p""","=""2[1]*""","=""1/2,3/2""","=""""","=""43.3178""","=""""","=""0.0015""","=""0.027""","=""      2p5.(2P*<1/2>).3p.(1S<0>).11p                                                           ""","="""""
"=""2p5.3p.(1S<0>).12p""","=""2[1]*""","=""1/2,3/2""","=""""","=""43.3345""","=""""","=""0.0015""","=""0.017""","=""      2p5.(2P*<1/2>).3p.(1S<0>).12p                                                           ""","="""""
"=""2p5.3p.(1S<0>).13p""","=""2[1]*""","=""1/2,3/2""","=""""","=""43.3496""","=""""","=""0.0015""","=""0.015""","=""      2p5.(2P*<1/2>).3p.(1S<0>).13p                                                           ""","="""""
"=""2p5.3p.(1S<0>).14p""","=""2[1]*""","=""1/2,3/2""","=""""","=""43.3617""","=""""","=""0.0015""","=""0.012""","=""      2p5.(2P*<1/2>).3p.(1S<0>).14p                                                           ""","="""""
"=""2p5.3p.(1S<0>).15p""","=""2[1]*""","=""1/2,3/2""","=""""","=""43.3724""","=""""","=""0.0015""","=""0.011""","=""      2p5.(2P*<1/2>).3p.(1S<0>).15p                                                           ""","="""""
"=""2p5.3p.(1S<0>).16p""","=""2[1]*""","=""1/2,3/2""","=""""","=""43.3785""","=""""","=""0.0015""","=""0.006""","=""      2p5.(2P*<1/2>).3p.(1S<0>).16p                                                           ""","="""""
"=""2p5.3p.(1S<0>).17p""","=""2[1]*""","=""1/2,3/2""","=""""","=""43.3860""","=""""","=""0.0015""","=""0.008""","=""      2p5.(2P*<1/2>).3p.(1S<0>).17p                                                           ""","="""""
"=""2p5.3p.(1S<0>).18p""","=""2[1]*""","=""1/2,3/2""","=""""","=""43.3921""","=""""","=""0.0015""","=""0.006""","=""      2p5.(2P*<1/2>).3p.(1S<0>).18p                                                           ""","="""""
"=""2p5.3p.(1S<0>).19p""","=""2[1]*""","=""1/2,3/2""","=""""","=""43.3951""","=""""","=""0.0015""","=""0.003""","=""      2p5.(2P*<1/2>).3p.(1S<0>).19p                                                           ""","="""""
"=""2p5.3d.(3P*<2>).4s""","=""2[2]*""","=""3/2""","=""""","=""43.3965""","=""""","=""0.0012""","=""0.001""","=""      2p5.(2P*<3/2>).3d.(3P*<2>).4s                                                           ""","="""""
"=""2p5.3d.(1P*<1>).4s""","=""2[1]*""","=""1/2,3/2""","=""""","=""43.4499""","=""""","=""0.0015""","=""0.053""","=""      2p5.(2P*<3/2>).3d.(1P*<1>).4s                                                           ""","="""""
"=""2p5.4s.(3P*<1>).5s""","=""2[1]*""","=""1/2,3/2""","=""""","=""43.6118""","=""""","=""0.0015""","=""0.162""","=""      2p5.(2P*<3/2>).4s.(3P*<1>).5s                                                           ""","="""""
"=""2p5.3d.(3D*<1>).4s""","=""2[1]*""","=""1/2,3/2""","=""""","=""44.0911""","=""""","=""0.0016""","=""0.479""","=""      2p5.(2P*<1/2>).3d.(3D*<1>).4s                                                           ""","="""""
"=""2p5.3d.(1P*<1>).3d""","=""""","=""1/2,3/2""","=""""","=""44.7367""","=""""","=""0.0012""","=""0.646""","=""      2p5.(2P*<3/2>).3d.(1P*<1>).3d                                                           ""","="""""
"=""2p5.4s.(3P*<1>).3d""","=""""","=""1/2,3/2""","=""""","=""44.7739""","=""""","=""0.0012""","=""0.037""","=""      2p5.(2P*<3/2>).4s.(3P*<1>).3d                                                           ""","="""""
"=""2p5.4s.(1P*<1>).3d""","=""""","=""1/2,3/2""","=""""","=""44.8101""","=""""","=""0.0012""","=""0.036""","=""      2p5.(2P*<1/2>).4s.(1P*<1>).3d                                                           ""","="""""
"=""2p5.3d.(3P*<2>).5s""","=""2[2]*""","=""3/2""","=""""","=""44.8885""","=""""","=""0.0012""","=""0.078""","=""      2p5.(2P*<3/2>).3d.(3P*<2>).5s                                                           ""","="""""
"=""2p5.3d.(1P*<1>).5s""","=""2[1]*""","=""1/2,3/2""","=""""","=""44.9072""","=""""","=""0.0016""","=""0.019""","=""      2p5.(2P*<3/2>).3d.(1P*<1>).5s                                                           ""","="""""
"=""2p5.4s.(3P*<1>).6s""","=""2[1]*""","=""1/2,3/2""","=""""","=""44.9887""","=""""","=""0.0016""","=""0.081""","=""      2p5.(2P*<3/2>).4s.(3P*<1>).6s                                                           ""","="""""
"=""2p5.3d.(3F*<2>).4d""","=""""","=""1/2,3/2""","=""""","=""45.2252""","=""""","=""0.0014""","=""0.236""","=""      2p5.(2P*<3/2>).3d.(3F*<2>).4d                                                           ""","="""""
"=""2p5.3d.(3D*<1>).5s""","=""2[1]*""","=""1/2,3/2""","=""""","=""45.2530""","=""""","=""0.0016""","=""0.028""","=""      2p5.(2P*<1/2>).3d.(3D*<1>).5s                                                           ""","="""""
"=""2p5.3d.(3P*<2>).6s""","=""2[2]*""","=""3/2""","=""""","=""45.4036""","=""""","=""0.0016""","=""0.151""","=""      2p5.(2P*<3/2>).3d.(3P*<2>).6s                                                           ""","="""""
"=""2p5.3d.(1P*<1>).4d""","=""""","=""1/2,3/2""","=""""","=""45.4038""","=""""","=""0.0016""","=""0.000""","=""      2p5.(2P*<3/2>).3d.(1P*<1>).4d                                                           ""","="""""
"=""2p5.4s.(3P*<1>).4d""","=""""","=""1/2,3/2""","=""""","=""45.4309""","=""""","=""0.0014""","=""0.027""","=""      2p5.(2P*<3/2>).4s.(3P*<1>).4d                                                           ""","="""""
"=""2p5.3d.(1P*<1>).6s""","=""2[1]*""","=""1/2,3/2""","=""""","=""45.4938""","=""""","=""0.0016""","=""0.063""","=""      2p5.(2P*<3/2>).3d.(1P*<1>).6s                                                           ""","="""""
"=""2p5.4s.(3P*<1>).7s""","=""2[1]*""","=""1/2,3/2""","=""""","=""45.5289""","=""""","=""0.0016""","=""0.035""","=""      2p5.(2P*<3/2>).4s.(3P*<1>).7s                                                           ""","="""""
"=""2p5.4s.(1P*<1>).4d""","=""""","=""1/2,3/2""","=""""","=""45.5523""","=""""","=""0.0014""","=""0.023""","=""      2p5.(2P*<1/2>).4s.(1P*<1>).4d                                                           ""","="""""
"=""2p5.3d.(3F*<2>).5d""","=""""","=""1/2,3/2""","=""""","=""45.6205""","=""""","=""0.0014""","=""0.068""","=""      2p5.(2P*<3/2>).3d.(3F*<2>).5d                                                           ""","="""""
"=""2p5.3d.(3P*<2>).7s""","=""2[2]*""","=""3/2""","=""""","=""45.6618""","=""""","=""0.0014""","=""0.041""","=""      2p5.(2P*<3/2>).3d.(3P*<2>).7s                                                           ""","="""""
"=""2p5.4s.(3P*<1>).5d""","=""""","=""1/2,3/2""","=""""","=""45.7186""","=""""","=""0.0019""","=""0.057""","=""      2p5.(2P*<3/2>).4s.(3P*<1>).5d                                                           ""","="""""
"=""2p5.3d.(1P*<1>).5d""","=""""","=""1/2,3/2""","=""""","=""45.7186""","=""""","=""0.0019""","=""0.000""","=""      2p5.(2P*<3/2>).3d.(1P*<1>).5d                                                           ""","="""""
"=""2p5.3d.(3D*<1>).6s""","=""2[1]*""","=""1/2,3/2""","=""""","=""45.7438""","=""""","=""0.0019""","=""0.025""","=""      2p5.(2P*<1/2>).3d.(3D*<1>).6s                                                           ""","="""""
"=""2p5.3d.(1P*<1>).7s""","=""2[1]*""","=""1/2,3/2""","=""""","=""45.7540""","=""""","=""0.0019""","=""0.010""","=""      2p5.(2P*<3/2>).3d.(1P*<1>).7s                                                           ""","="""""
"=""2p5.4s.(3P*<1>).8s""","=""2[1]*""","=""1/2,3/2""","=""""","=""45.7912""","=""""","=""0.0019""","=""0.037""","=""      2p5.(2P*<3/2>).4s.(3P*<1>).8s                                                           ""","="""""
"=""2p5.3d.(3P*<2>).8s""","=""2[2]*""","=""3/2""","=""""","=""45.8065""","=""""","=""0.0019""","=""0.015""","=""      2p5.(2P*<3/2>).3d.(3P*<2>).8s                                                           ""","="""""
"=""2p5.3d.(3F*<2>).6d""","=""""","=""1/2,3/2""","=""""","=""45.8301""","=""""","=""0.0019""","=""0.024""","=""      2p5.(2P*<3/2>).3d.(3F*<2>).6d                                                           ""","="""""
"=""2p5.4s.(1P*<1>).5d""","=""""","=""1/2,3/2""","=""""","=""45.8732""","=""""","=""0.0019""","=""0.043""","=""      2p5.(2P*<1/2>).4s.(1P*<1>).5d                                                           ""","="""""
"=""2p5.3d.(1P*<1>).6d""","=""""","=""1/2,3/2""","=""""","=""45.8861""","=""""","=""0.0019""","=""0.013""","=""      2p5.(2P*<3/2>).3d.(1P*<1>).6d                                                           ""","="""""
"=""2p5.3d.(3P*<2>).9s""","=""2[2]*""","=""3/2""","=""""","=""45.8911""","=""""","=""0.0019""","=""0.005""","=""      2p5.(2P*<3/2>).3d.(3P*<2>).9s                                                           ""","="""""
"=""2p5.4s.(3P*<1>).6d""","=""""","=""1/2,3/2""","=""""","=""45.8997""","=""""","=""0.0019""","=""0.009""","=""      2p5.(2P*<3/2>).4s.(3P*<1>).6d                                                           ""","="""""
"=""2p5.3d.(1P*<1>).8s""","=""2[1]*""","=""1/2,3/2""","=""""","=""45.9099""","=""""","=""0.0019""","=""0.010""","=""      2p5.(2P*<3/2>).3d.(1P*<1>).8s                                                           ""","="""""
"=""2p5.4s.(3P*<1>).9s""","=""2[1]*""","=""1/2,3/2""","=""""","=""45.9405""","=""""","=""0.0019""","=""0.031""","=""      2p5.(2P*<3/2>).4s.(3P*<1>).9s                                                           ""","="""""
"=""2p5.3d.(3F*<2>).7d""","=""""","=""1/2,3/2""","=""""","=""45.9524""","=""""","=""0.0019""","=""0.012""","=""      2p5.(2P*<3/2>).3d.(3F*<2>).7d                                                           ""","="""""
"=""2p5.3d.(3P*<2>).10s""","=""2[2]*""","=""3/2""","=""""","=""45.9541""","=""""","=""0.0019""","=""0.002""","=""      2p5.(2P*<3/2>).3d.(3P*<2>).10s                                                          ""","="""""
"=""2p5.3d.(3D*<1>).7s""","=""2[1]*""","=""1/2,3/2""","=""""","=""45.9763""","=""""","=""0.0019""","=""0.022""","=""      2p5.(2P*<1/2>).3d.(3D*<1>).7s                                                           ""","="""""
"=""2p5.3d.(1P*<1>).7d""","=""""","=""1/2,3/2""","=""""","=""45.9865""","=""""","=""0.0019""","=""0.010""","=""      2p5.(2P*<3/2>).3d.(1P*<1>).7d                                                           ""","="""""
"=""2p5.3d.(1P*<1>).9s""","=""2[1]*""","=""1/2,3/2""","=""""","=""46.0001""","=""""","=""0.0019""","=""0.014""","=""      2p5.(2P*<3/2>).3d.(1P*<1>).9s                                                           ""","="""""
"=""2p5.4s.(3P*<1>).7d""","=""""","=""1/2,3/2""","=""""","=""46.0001""","=""""","=""0.0019""","=""0.000""","=""      2p5.(2P*<3/2>).4s.(3P*<1>).7d                                                           ""","="""""
"=""2p5.3d.(3F*<2>).8d""","=""""","=""1/2,3/2""","=""""","=""46.0275""","=""""","=""0.0019""","=""0.027""","=""      2p5.(2P*<3/2>).3d.(3F*<2>).8d                                                           ""","="""""
"=""2p5.4s.(3P*<1>).10s""","=""2[1]*""","=""1/2,3/2""","=""""","=""46.0275""","=""""","=""0.0019""","=""0.000""","=""      2p5.(2P*<3/2>).4s.(3P*<1>).10s                                                          ""","="""""
"=""2p5.4s.(1P*<1>).6d""","=""""","=""1/2,3/2""","=""""","=""46.0531""","=""""","=""0.0019""","=""0.026""","=""      2p5.(2P*<1/2>).4s.(1P*<1>).6d                                                           ""","="""""
"=""2p5.3d.(1P*<1>).8d""","=""""","=""1/2,3/2""","=""""","=""46.0565""","=""""","=""0.0019""","=""0.003""","=""      2p5.(2P*<3/2>).3d.(1P*<1>).8d                                                           ""","="""""
"=""2p5.3d.(1P*<1>).10s""","=""2[1]*""","=""1/2,3/2""","=""""","=""46.0668""","=""""","=""0.0019""","=""0.010""","=""      2p5.(2P*<3/2>).3d.(1P*<1>).10s                                                          ""","="""""
"=""2p5.4s.(3P*<1>).8d""","=""""","=""1/2,3/2""","=""""","=""46.0686""","=""""","=""0.0019""","=""0.002""","=""      2p5.(2P*<3/2>).4s.(3P*<1>).8d                                                           ""","="""""
"=""2p5.3d.(3F*<2>).9d""","=""""","=""1/2,3/2""","=""""","=""46.0805""","=""""","=""0.0019""","=""0.012""","=""      2p5.(2P*<3/2>).3d.(3F*<2>).9d                                                           ""","="""""
"=""2p5.3d.(1P*<1>).9d""","=""""","=""1/2,3/2""","=""""","=""46.1010""","=""""","=""0.0019""","=""0.020""","=""      2p5.(2P*<3/2>).3d.(1P*<1>).9d                                                           ""","="""""
"=""2p5.3d.(3F*<2>).10d""","=""""","=""1/2,3/2""","=""""","=""46.1148""","=""""","=""0.0019""","=""0.014""","=""      2p5.(2P*<3/2>).3d.(3F*<2>).10d                                                          ""","="""""
"=""2p5.4s.(3P*<1>).9d""","=""""","=""1/2,3/2""","=""""","=""46.1148""","=""""","=""0.0019""","=""0.000""","=""      2p5.(2P*<3/2>).4s.(3P*<1>).9d                                                           ""","="""""
"=""2p5.3d.(3D*<1>).8s""","=""2[1]*""","=""1/2,3/2""","=""""","=""46.1148""","=""""","=""0.0019""","=""0.000""","=""      2p5.(2P*<1/2>).3d.(3D*<1>).8s                                                           ""","="""""
"=""2p5.3d.(3F*<2>).11d""","=""""","=""1/2,3/2""","=""""","=""46.1405""","=""""","=""0.0019""","=""0.026""","=""      2p5.(2P*<3/2>).3d.(3F*<2>).11d                                                          ""","="""""
"=""2p5.4s.(3P*<1>).10d""","=""""","=""1/2,3/2""","=""""","=""46.1492""","=""""","=""0.0019""","=""0.009""","=""      2p5.(2P*<3/2>).4s.(3P*<1>).10d                                                          ""","="""""
"=""2p5.4s.(1P*<1>).7d""","=""""","=""1/2,3/2""","=""""","=""46.1560""","=""""","=""0.0019""","=""0.007""","=""      2p5.(2P*<1/2>).4s.(1P*<1>).7d                                                           ""","="""""
"=""2p5.4s.(3P*<1>).11d""","=""""","=""1/2,3/2""","=""""","=""46.1715""","=""""","=""0.0019""","=""0.016""","=""      2p5.(2P*<3/2>).4s.(3P*<1>).11d                                                          ""","="""""
"=""2p5.4s.(3P*<1>).12d""","=""""","=""1/2,3/2""","=""""","=""46.1903""","=""""","=""0.0019""","=""0.019""","=""      2p5.(2P*<3/2>).4s.(3P*<1>).12d                                                          ""","="""""
"=""2p5.3d.(3D*<1>).9s""","=""2[1]*""","=""1/2,3/2""","=""""","=""46.1973""","=""""","=""0.0019""","=""0.007""","=""      2p5.(2P*<1/2>).3d.(3D*<1>).9s                                                           ""","="""""
"=""2p5.4s.(3P*<1>).13d""","=""""","=""1/2,3/2""","=""""","=""46.2042""","=""""","=""0.0019""","=""0.007""","=""      2p5.(2P*<3/2>).4s.(3P*<1>).13d                                                          ""","="""""
"=""2p5.4s.(3P*<1>).14d""","=""""","=""1/2,3/2""","=""""","=""46.2162""","=""""","=""0.0019""","=""0.012""","=""      2p5.(2P*<3/2>).4s.(3P*<1>).14d                                                          ""","="""""
"=""2p5.4s.(1P*<1>).8d""","=""""","=""1/2,3/2""","=""""","=""46.2213""","=""""","=""0.0019""","=""0.005""","=""      2p5.(2P*<1/2>).4s.(1P*<1>).8d                                                           ""","="""""
"=""2p5.3d.(3D*<1>).10s""","=""2[1]*""","=""1/2,3/2""","=""""","=""46.2524""","=""""","=""0.0019""","=""0.031""","=""      2p5.(2P*<1/2>).3d.(3D*<1>).10s                                                          ""","="""""
"=""2p5.4s.(1P*<1>).9d""","=""""","=""1/2,3/2""","=""""","=""46.2679""","=""""","=""0.0019""","=""0.015""","=""      2p5.(2P*<1/2>).4s.(1P*<1>).9d                                                           ""","="""""
"=""2p5.3d.(3D*<1>).11s""","=""2[1]*""","=""1/2,3/2""","=""""","=""46.2921""","=""""","=""0.0019""","=""0.024""","=""      2p5.(2P*<1/2>).3d.(3D*<1>).11s                                                          ""","="""""
"=""2p5.4s.(1P*<1>).10d""","=""""","=""1/2,3/2""","=""""","=""46.3025""","=""""","=""0.0019""","=""0.010""","=""      2p5.(2P*<1/2>).4s.(1P*<1>).10d                                                          ""","="""""
"=""2p5.3d.(3D*<1>).12s""","=""2[1]*""","=""1/2,3/2""","=""""","=""46.3215""","=""""","=""0.0019""","=""0.019""","=""      2p5.(2P*<1/2>).3d.(3D*<1>).12s                                                          ""","="""""
"=""2p5.4s.(1P*<1>).11d""","=""""","=""1/2,3/2""","=""""","=""46.3250""","=""""","=""0.0019""","=""0.004""","=""      2p5.(2P*<1/2>).4s.(1P*<1>).11d                                                          ""","="""""
"=""2p5.3d.(3D*<1>).13s""","=""2[1]*""","=""1/2,3/2""","=""""","=""46.3423""","=""""","=""0.0019""","=""0.017""","=""      2p5.(2P*<1/2>).3d.(3D*<1>).13s                                                          ""","="""""
"=""2p5.3d.(3D*<1>).14s""","=""2[1]*""","=""1/2,3/2""","=""""","=""46.3597""","=""""","=""0.0019""","=""0.017""","=""      2p5.(2P*<1/2>).3d.(3D*<1>).14s                                                          ""","="""""
"=""2p5.3d.(3D*<1>).15s""","=""2[1]*""","=""1/2,3/2""","=""""","=""46.3701""","=""""","=""0.0019""","=""0.010""","=""      2p5.(2P*<1/2>).3d.(3D*<1>).15s                                                          ""","="""""
"=""2p5.3d.(3D*<1>).16s""","=""2[1]*""","=""1/2,3/2""","=""""","=""46.3788""","=""""","=""0.0019""","=""0.009""","=""      2p5.(2P*<1/2>).3d.(3D*<1>).16s                                                          ""","="""""
"=""2s.(2S).2p6.3s.3p.(3P*)""","=""2P*""","=""1/2,3/2""","=""""","=""66.372""","=""""","=""0.025""","=""19.99""","=""                                                                                              ""","="""""
"=""2s.(2S).2p6.3s.3p.(1P*)""","=""2P*""","=""1/2,3/2""","=""""","=""67.77""","=""""","=""0.04""","=""1.40""","=""                                                                                              ""","="""""
"=""2s.2p6.3s.(3S).4p""","=""2P*""","=""1/2,3/2""","=""""","=""69.38""","=""""","=""0.04""","=""1.61""","=""                                                                                              ""","="""""
"=""Na II (2s.2p6.3s 3S<1>)""","=""Limit""","=""---""","=""""","=""70.962""","=""""","=""0.025""","=""""","=""                                                                                              ""","="""""
"=""Na II (2s.2p6.3s 1S<0>)""","=""Limit""","=""---""","=""""","=""71.384""","=""""","=""0.025""","=""""","=""                                                                                              ""","="""""
"=""2s.2p6.3p.(3P*).4s""","=""2P*""","=""1/2,3/2""","=""""","=""72.68""","=""""","=""0.04""","=""1.30""","=""                                                                                              ""","="""""
"=""2s.2p6.3p.(1P*).4s""","=""2P*""","=""1/2,3/2""","=""""","=""73.32""","=""""","=""0.04""","=""0.64""","=""                                                                                              ""","="""""
"=""2s.2p6.3p.(3P*).3d""","=""2P*""","=""1/2,3/2""","=""""","=""73.72""","=""""","=""0.05""","=""0.40""","=""                                                                                              ""","="""""
"=""2s.2p6.3p.(3P*).5s""","=""2P*""","=""1/2,3/2""","=""""","=""73.94""","=""""","=""0.05""","=""0.22""","=""                                                                                              ""","="""""
"=""2s.2p6.3p.(3P*).6s""","=""2P*""","=""1/2,3/2""","=""""","=""74.39""","=""""","=""0.05""","=""0.45""","=""                                                                                              ""","="""""
"=""2s.2p6.(2S).4s.4p.(3P*)""","=""2P*""","=""1/2,3/2""","=""""","=""76.73""","=""""","=""0.05""","=""2.34""","=""                                                                                              ""","="""""
"=""2s.2p6.(2S).4s.5p.(3P*)""","=""2P*""","=""1/2,3/2""","=""""","=""78.07""","=""""","=""0.10""","=""1.3""","=""                                                                                              ""","="""""
"=""2s.2p6.(2S).3d.4p.(3P*)""","=""2P*""","=""1/2,3/2""","=""""","=""78.93""","=""""","=""0.05""","=""0.9""","=""                                                                                              ""","="""""
