Configuration,Term,J,Prefix,Level (eV),Suffix,Uncertainty (eV),Splitting,Reference
"=""4p6.5s""","=""2S""","=""1/2""","=""""","=""0.0000000""","=""""","=""0.0000012""","=""""","=""L9039"""
"=""4p6.5p""","=""2P*""","=""1/2""","=""""","=""1.55959103""","=""""","=""0.00000025""","=""1.5595910""","=""L9039"""
"=""4p6.5p""","=""2P*""","=""3/2""","=""""","=""1.58904906""","=""""","=""0.00000025""","=""0.0294580""","=""L9039"""
"=""4p6.4d""","=""2D""","=""5/2""","=""""","=""2.3997393""","=""""","=""0.0000012""","=""0.8106902""","=""L9039"""
"=""4p6.4d""","=""2D""","=""3/2""","=""""","=""2.3997946""","=""""","=""0.0000012""","=""0.000055""","=""L9039"""
"=""4p6.6s""","=""2S""","=""1/2""","=""""","=""2.4961131""","=""""","=""0.0000012""","=""0.096319""","=""L9039"""
"=""4p6.6p""","=""2P*""","=""1/2""","=""""","=""2.9402953""","=""""","=""0.0000012""","=""0.444182""","=""L9039"""
"=""4p6.6p""","=""2P*""","=""3/2""","=""""","=""2.9499053""","=""""","=""0.0000012""","=""0.009610""","=""L9039"""
"=""4p6.5d""","=""2D""","=""3/2""","=""""","=""3.1864604""","=""""","=""0.0000012""","=""0.236555""","=""L9039"""
"=""4p6.5d""","=""2D""","=""5/2""","=""""","=""3.1868276""","=""""","=""0.0000012""","=""0.000367""","=""L9039"""
"=""4p6.7s""","=""2S""","=""1/2""","=""""","=""3.2622024""","=""""","=""0.0000012""","=""0.075375""","=""L9039"""
"=""4p6.4f""","=""2F*""","=""7/2""","=""""","=""3.3217961""","=""""","=""0.0000012""","=""0.059594""","=""L9039"""
"=""4p6.4f""","=""2F*""","=""5/2""","=""""","=""3.3217993""","=""""","=""0.0000012""","=""0.000003""","=""L9039"""
"=""4p6.7p""","=""2P*""","=""1/2""","=""""","=""3.4511026""","=""""","=""0.0000012""","=""0.129303""","=""L9039"""
"=""4p6.7p""","=""2P*""","=""3/2""","=""""","=""3.4554532""","=""""","=""0.0000012""","=""0.004351""","=""L9039"""
"=""4p6.6d""","=""2D""","=""3/2""","=""""","=""3.5567504""","=""""","=""0.0000012""","=""0.101297""","=""L9039"""
"=""4p6.6d""","=""2D""","=""5/2""","=""""","=""3.5570310""","=""""","=""0.0000012""","=""0.000281""","=""L9039"""
"=""4p6.8s""","=""2S""","=""1/2""","=""""","=""3.6013462""","=""""","=""0.0000012""","=""0.044315""","=""L9039"""
"=""4p6.5f""","=""2F*""","=""7/2""","=""""","=""3.6299806""","=""""","=""0.0000012""","=""0.028634""","=""L9039"""
"=""4p6.5f""","=""2F*""","=""5/2""","=""""","=""3.6299830""","=""""","=""0.0000012""","=""0.000002""","=""L9039"""
"=""4p6.5g""","=""2G""","=""7/2""","=""""","=""3.6322654""","=""""","=""0.0000012""","=""0.002282""","=""L9039"""
"=""4p6.5g""","=""2G""","=""9/2""","=""""","=""3.6322654""","=""""","=""0.0000012""","=""0.000000""","=""L9039"""
"=""4p6.8p""","=""2P*""","=""1/2""","=""""","=""3.6990611""","=""""","=""0.0000012""","=""0.066796""","=""L9039"""
"=""4p6.8p""","=""2P*""","=""3/2""","=""""","=""3.7013982""","=""""","=""0.0000012""","=""0.002337""","=""L9039"""
"=""4p6.7d""","=""2D""","=""3/2""","=""""","=""3.7542555""","=""""","=""0.0000012""","=""0.052857""","=""L9039"""
"=""4p6.7d""","=""2D""","=""5/2""","=""""","=""3.7544424""","=""""","=""0.0000012""","=""0.000187""","=""L9039"""
"=""4p6.9s""","=""2S""","=""1/2""","=""""","=""3.7813979""","=""""","=""0.0000012""","=""0.026956""","=""L9039"""
"=""4p6.6f""","=""2F*""","=""7/2""","=""""","=""3.7973833""","=""""","=""0.0000012""","=""0.015985""","=""L9039"""
"=""4p6.6f""","=""2F*""","=""5/2""","=""""","=""3.7973853""","=""""","=""0.0000012""","=""0.000002""","=""L9039"""
"=""4p6.9p""","=""2P*""","=""1/2""","=""""","=""3.8384156""","=""""","=""0.0000012""","=""0.041030""","=""L9039"""
"=""4p6.9p""","=""2P*""","=""3/2""","=""""","=""3.8398142""","=""""","=""0.0000012""","=""0.001399""","=""L9039"""
"=""4p6.8d""","=""2D""","=""3/2""","=""""","=""3.8709652""","=""""","=""0.0000012""","=""0.031151""","=""L9039"""
"=""4p6.8d""","=""2D""","=""5/2""","=""""","=""3.8710908""","=""""","=""0.0000012""","=""0.000126""","=""L9039"""
"=""4p6.10s""","=""2S""","=""1/2""","=""""","=""3.8884335""","=""""","=""0.0000012""","=""0.017343""","=""L9039"""
"=""4p6.7f""","=""2F*""","=""7/2""","=""""","=""3.8982762""","=""""","=""0.0000012""","=""0.009843""","=""L9039"""
"=""4p6.7f""","=""2F*""","=""5/2""","=""""","=""3.8982777""","=""""","=""0.0000012""","=""0.000001""","=""L9039"""
"=""4p6.10p""","=""2P*""","=""1/2""","=""""","=""3.9245772""","=""""","=""0.0000012""","=""0.026299""","=""L9039"""
"=""4p6.10p""","=""2P*""","=""3/2""","=""""","=""3.9254835""","=""""","=""0.0000012""","=""0.000906""","=""L9039"""
"=""4p6.9d""","=""2D""","=""3/2""","=""""","=""3.9454072""","=""""","=""0.0000012""","=""0.019924""","=""L9039"""
"=""4p6.9d""","=""2D""","=""5/2""","=""""","=""3.9454934""","=""""","=""0.0000012""","=""0.000086""","=""L9039"""
"=""4p6.11s""","=""2S""","=""1/2""","=""""","=""3.9572311""","=""""","=""0.0000012""","=""0.011738""","=""L9039"""
"=""4p6.8f""","=""2F*""","=""7/2""","=""""","=""3.9637272""","=""""","=""0.0000012""","=""0.006496""","=""L9039"""
"=""4p6.8f""","=""2F*""","=""5/2""","=""""","=""3.9637278""","=""""","=""0.0000012""","=""0.000001""","=""L9039"""
"=""4p6.11p""","=""2P*""","=""1/2""","=""""","=""3.9815728""","=""""","=""0.0000012""","=""0.017845""","=""L9039"""
"=""4p6.11p""","=""2P*""","=""3/2""","=""""","=""3.9821890""","=""""","=""0.0000012""","=""0.000616""","=""L9039"""
"=""4p6.10d""","=""2D""","=""3/2""","=""""","=""3.9957144""","=""""","=""0.0000005""","=""0.013525""","=""L9039"""
"=""4p6.10d""","=""2D""","=""5/2""","=""""","=""3.9957761""","=""""","=""0.0000005""","=""0.0000617""","=""L9039"""
"=""4p6.12s""","=""2S""","=""1/2""","=""""","=""4.0040587""","=""""","=""0.0000005""","=""0.0082826""","=""L9039"""
"=""4p6.12p""","=""2P*""","=""1/2""","=""""","=""4.021241""","=""""","=""0.000006""","=""0.017182""","=""L9039"""
"=""4p6.12p""","=""2P*""","=""3/2""","=""""","=""4.021680""","=""""","=""0.000006""","=""0.000439""","=""L9039"""
"=""4p6.13p""","=""2P*""","=""1/2""","=""""","=""4.049948""","=""""","=""0.000006""","=""0.028268""","=""L9039"""
"=""4p6.13p""","=""2P*""","=""3/2""","=""""","=""4.050270""","=""""","=""0.000006""","=""0.000322""","=""L9039"""
"=""4p6.14p""","=""2P*""","=""1/2""","=""""","=""4.071396""","=""""","=""0.000006""","=""0.021126""","=""L9039"""
"=""4p6.14p""","=""2P*""","=""3/2""","=""""","=""4.071644""","=""""","=""0.000006""","=""0.000248""","=""L9039"""
"=""4p6.15p""","=""2P*""","=""1/2""","=""""","=""4.087841""","=""""","=""0.000006""","=""0.016197""","=""L9039"""
"=""4p6.15p""","=""2P*""","=""3/2""","=""""","=""4.088031""","=""""","=""0.000006""","=""0.000190""","=""L9039"""
"=""4p6.16p""","=""2P*""","=""1/2""","=""""","=""4.100727""","=""""","=""0.000006""","=""0.012696""","=""L9039"""
"=""4p6.16p""","=""2P*""","=""3/2""","=""""","=""4.100880""","=""""","=""0.000006""","=""0.000153""","=""L9039"""
"=""4p6.17p""","=""2P*""","=""1/2""","=""""","=""4.111011""","=""""","=""0.000006""","=""0.010131""","=""L9039"""
"=""4p6.17p""","=""2P*""","=""3/2""","=""""","=""4.111135""","=""""","=""0.000006""","=""0.000124""","=""L9039"""
"=""4p6.18p""","=""2P*""","=""1/2""","=""""","=""4.119354""","=""""","=""0.000007""","=""0.008219""","=""L9039"""
"=""4p6.18p""","=""2P*""","=""3/2""","=""""","=""4.119458""","=""""","=""0.000007""","=""0.000104""","=""L9039"""
"=""4p6.19p""","=""2P*""","=""1/2""","=""""","=""4.126210""","=""""","=""0.000007""","=""0.006752""","=""L9039"""
"=""4p6.19p""","=""2P*""","=""3/2""","=""""","=""4.126295""","=""""","=""0.000007""","=""0.000085""","=""L9039"""
"=""4p6.20p""","=""2P*""","=""1/2""","=""""","=""4.131914""","=""""","=""0.000007""","=""0.005619""","=""L9039"""
"=""4p6.20p""","=""2P*""","=""3/2""","=""""","=""4.131984""","=""""","=""0.000007""","=""0.000070""","=""L9039"""
"=""4p6.21p""","=""2P*""","=""1/2""","=""""","=""4.136709""","=""""","=""0.000007""","=""0.004725""","=""L9039"""
"=""4p6.21p""","=""2P*""","=""3/2""","=""""","=""4.136769""","=""""","=""0.000007""","=""0.000060""","=""L9039"""
"=""4p6.22p""","=""2P*""","=""1/2""","=""""","=""4.140782""","=""""","=""0.000007""","=""0.004013""","=""L9039"""
"=""4p6.22p""","=""2P*""","=""3/2""","=""""","=""4.140835""","=""""","=""0.000007""","=""0.000053""","=""L9039"""
"=""4p6.23p""","=""2P*""","=""1/2""","=""""","=""4.144266""","=""""","=""0.000007""","=""0.003431""","=""L9039"""
"=""4p6.23p""","=""2P*""","=""3/2""","=""""","=""4.144314""","=""""","=""0.000007""","=""0.000048""","=""L9039"""
"=""4p6.24p""","=""2P*""","=""1/2""","=""""","=""4.147275""","=""""","=""0.000007""","=""0.002961""","=""L9039"""
"=""4p6.24p""","=""2P*""","=""3/2""","=""""","=""4.147319""","=""""","=""0.000007""","=""0.000044""","=""L9039"""
"=""4p6.25p""","=""2P*""","=""1/2""","=""""","=""4.149889""","=""""","=""0.000007""","=""0.002570""","=""L9039"""
"=""4p6.25p""","=""2P*""","=""3/2""","=""""","=""4.149928""","=""""","=""0.000007""","=""0.000039""","=""L9039"""
"=""4p6.26p""","=""2P*""","=""1/2""","=""""","=""4.152173""","=""""","=""0.000007""","=""0.002245""","=""L9039"""
"=""4p6.26p""","=""2P*""","=""3/2""","=""""","=""4.152205""","=""""","=""0.000007""","=""0.000032""","=""L9039"""
"=""4p6.27p""","=""2P*""","=""1/2""","=""""","=""4.154205""","=""""","=""0.000007""","=""0.002000""","=""L9039"""
"=""4p6.27p""","=""2P*""","=""3/2""","=""""","=""4.154205""","=""""","=""0.000007""","=""0.000000""","=""L9039"""
"=""4p6.28p""","=""2P*""","=""1/2""","=""""","=""4.155978""","=""""","=""0.000007""","=""0.001773""","=""L9039"""
"=""4p6.28p""","=""2P*""","=""3/2""","=""""","=""4.155978""","=""""","=""0.000007""","=""0.000000""","=""L9039"""
"=""4p6.29p""","=""2P*""","=""3/2""","=""""","=""4.157551""","=""""","=""0.000007""","=""0.001573""","=""L9039"""
"=""4p6.29p""","=""2P*""","=""1/2""","=""""","=""4.157551""","=""""","=""0.000007""","=""0.000000""","=""L9039"""
"=""4p6.30p""","=""2P*""","=""3/2""","=""""","=""4.158958""","=""""","=""0.000007""","=""0.001407""","=""L9039"""
"=""4p6.30p""","=""2P*""","=""1/2""","=""""","=""4.158958""","=""""","=""0.000007""","=""0.000000""","=""L9039"""
"=""4p6.31p""","=""2P*""","=""1/2""","=""""","=""4.160224""","=""""","=""0.000007""","=""0.001266""","=""L9039"""
"=""4p6.31p""","=""2P*""","=""3/2""","=""""","=""4.160224""","=""""","=""0.000007""","=""0.000000""","=""L9039"""
"=""4p6.32p""","=""2P*""","=""1/2""","=""""","=""4.161352""","=""""","=""0.000007""","=""0.001128""","=""L9039"""
"=""4p6.32p""","=""2P*""","=""3/2""","=""""","=""4.161352""","=""""","=""0.000007""","=""0.000000""","=""L9039"""
"=""4p6.33p""","=""2P*""","=""3/2""","=""""","=""4.162379""","=""""","=""0.000007""","=""0.001027""","=""L9039"""
"=""4p6.33p""","=""2P*""","=""1/2""","=""""","=""4.162379""","=""""","=""0.000007""","=""0.000000""","=""L9039"""
"=""4p6.34p""","=""2P*""","=""3/2""","=""""","=""4.163308""","=""""","=""0.000007""","=""0.000929""","=""L9039"""
"=""4p6.34p""","=""2P*""","=""1/2""","=""""","=""4.163308""","=""""","=""0.000007""","=""0.000000""","=""L9039"""
"=""4p6.35p""","=""2P*""","=""1/2""","=""""","=""4.164147""","=""""","=""0.000007""","=""0.000839""","=""L9039"""
"=""4p6.35p""","=""2P*""","=""3/2""","=""""","=""4.164147""","=""""","=""0.000007""","=""0.000000""","=""L9039"""
"=""4p6.36p""","=""2P*""","=""1/2""","=""""","=""4.164916""","=""""","=""0.000007""","=""0.000769""","=""L9039"""
"=""4p6.36p""","=""2P*""","=""3/2""","=""""","=""4.164916""","=""""","=""0.000007""","=""0.000000""","=""L9039"""
"=""4p6.37p""","=""2P*""","=""1/2""","=""""","=""4.165616""","=""""","=""0.000007""","=""0.000700""","=""L9039"""
"=""4p6.37p""","=""2P*""","=""3/2""","=""""","=""4.165616""","=""""","=""0.000007""","=""0.000000""","=""L9039"""
"=""4p6.38p""","=""2P*""","=""1/2""","=""""","=""4.166258""","=""""","=""0.000007""","=""0.000642""","=""L9039"""
"=""4p6.38p""","=""2P*""","=""3/2""","=""""","=""4.166258""","=""""","=""0.000007""","=""0.000000""","=""L9039"""
"=""4p6.37d""","=""2D""","=""5/2""","=""""","=""4.16644""","=""""","=""0.00004""","=""0.00018""","=""L9039"""
"=""4p6.37d""","=""2D""","=""3/2""","=""""","=""4.16644""","=""""","=""0.00004""","=""0.00000""","=""L9039"""
"=""4p6.39s""","=""2S""","=""1/2""","=""""","=""4.16658""","=""""","=""0.00004""","=""0.00014""","=""L9039"""
"=""4p6.39p""","=""2P*""","=""1/2""","=""""","=""4.166856""","=""""","=""0.000007""","=""0.00028""","=""L9039"""
"=""4p6.39p""","=""2P*""","=""3/2""","=""""","=""4.166856""","=""""","=""0.000007""","=""0.000000""","=""L9039"""
"=""4p6.38d""","=""2D""","=""5/2""","=""""","=""4.16705""","=""""","=""0.00004""","=""0.00019""","=""L9039"""
"=""4p6.38d""","=""2D""","=""3/2""","=""""","=""4.16705""","=""""","=""0.00004""","=""0.00000""","=""L9039"""
"=""4p6.40s""","=""2S""","=""1/2""","=""""","=""4.16716""","=""""","=""0.00004""","=""0.00011""","=""L9039"""
"=""4p6.40p""","=""2P*""","=""3/2""","=""""","=""4.167399""","=""""","=""0.000007""","=""0.00024""","=""L9039"""
"=""4p6.40p""","=""2P*""","=""1/2""","=""""","=""4.167399""","=""""","=""0.000007""","=""0.000000""","=""L9039"""
"=""4p6.39d""","=""2D""","=""3/2""","=""""","=""4.16757""","=""""","=""0.00004""","=""0.00017""","=""L9039"""
"=""4p6.39d""","=""2D""","=""5/2""","=""""","=""4.16757""","=""""","=""0.00004""","=""0.00000""","=""L9039"""
"=""4p6.41s""","=""2S""","=""1/2""","=""""","=""4.16767""","=""""","=""0.00004""","=""0.00010""","=""L9039"""
"=""4p6.41p""","=""2P*""","=""1/2""","=""""","=""4.167900""","=""""","=""0.000007""","=""0.00023""","=""L9039"""
"=""4p6.41p""","=""2P*""","=""3/2""","=""""","=""4.167900""","=""""","=""0.000007""","=""0.000000""","=""L9039"""
"=""4p6.40d""","=""2D""","=""5/2""","=""""","=""4.16804""","=""""","=""0.00004""","=""0.00014""","=""L9039"""
"=""4p6.40d""","=""2D""","=""3/2""","=""""","=""4.16804""","=""""","=""0.00004""","=""0.00000""","=""L9039"""
"=""4p6.42s""","=""2S""","=""1/2""","=""""","=""4.16815""","=""""","=""0.00004""","=""0.00011""","=""L9039"""
"=""4p6.42p""","=""2P*""","=""1/2""","=""""","=""4.168367""","=""""","=""0.000007""","=""0.00022""","=""L9039"""
"=""4p6.42p""","=""2P*""","=""3/2""","=""""","=""4.168367""","=""""","=""0.000007""","=""0.000000""","=""L9039"""
"=""4p6.41d""","=""2D""","=""5/2""","=""""","=""4.16851""","=""""","=""0.00004""","=""0.00014""","=""L9039"""
"=""4p6.41d""","=""2D""","=""3/2""","=""""","=""4.16851""","=""""","=""0.00004""","=""0.00000""","=""L9039"""
"=""4p6.43s""","=""2S""","=""1/2""","=""""","=""4.16858""","=""""","=""0.00004""","=""0.00007""","=""L9039"""
"=""4p6.43p""","=""2P*""","=""1/2""","=""""","=""4.168796""","=""""","=""0.000007""","=""0.00022""","=""L9039"""
"=""4p6.43p""","=""2P*""","=""3/2""","=""""","=""4.168796""","=""""","=""0.000007""","=""0.000000""","=""L9039"""
"=""4p6.42d""","=""2D""","=""3/2""","=""""","=""4.16891""","=""""","=""0.00004""","=""0.00011""","=""L9039"""
"=""4p6.42d""","=""2D""","=""5/2""","=""""","=""4.16891""","=""""","=""0.00004""","=""0.00000""","=""L9039"""
"=""4p6.44s""","=""2S""","=""1/2""","=""""","=""4.16902""","=""""","=""0.00004""","=""0.00011""","=""L9039"""
"=""4p6.44p""","=""2P*""","=""1/2""","=""""","=""4.169196""","=""""","=""0.000007""","=""0.00018""","=""L9039"""
"=""4p6.44p""","=""2P*""","=""3/2""","=""""","=""4.169196""","=""""","=""0.000007""","=""0.000000""","=""L9039"""
"=""4p6.43d""","=""2D""","=""3/2""","=""""","=""4.16930""","=""""","=""0.00004""","=""0.00010""","=""L9039"""
"=""4p6.43d""","=""2D""","=""5/2""","=""""","=""4.16930""","=""""","=""0.00004""","=""0.00000""","=""L9039"""
"=""4p6.45s""","=""2S""","=""1/2""","=""""","=""4.16939""","=""""","=""0.00004""","=""0.00009""","=""L9039"""
"=""4p6.45p""","=""2P*""","=""1/2""","=""""","=""4.169564""","=""""","=""0.000007""","=""0.00017""","=""L9039"""
"=""4p6.45p""","=""2P*""","=""3/2""","=""""","=""4.169564""","=""""","=""0.000007""","=""0.000000""","=""L9039"""
"=""4p6.44d""","=""2D""","=""3/2""","=""""","=""4.16965""","=""""","=""0.00004""","=""0.00009""","=""L9039"""
"=""4p6.44d""","=""2D""","=""5/2""","=""""","=""4.16965""","=""""","=""0.00004""","=""0.00000""","=""L9039"""
"=""4p6.46s""","=""2S""","=""1/2""","=""""","=""4.16975""","=""""","=""0.00004""","=""0.00010""","=""L9039"""
"=""4p6.46p""","=""2P*""","=""1/2""","=""""","=""4.169837""","=""""","=""0.000007""","=""0.00009""","=""L9039"""
"=""4p6.46p""","=""2P*""","=""3/2""","=""""","=""4.169837""","=""""","=""0.000007""","=""0.000000""","=""L9039"""
"=""4p6.45d""","=""2D""","=""3/2""","=""""","=""4.17002""","=""""","=""0.00004""","=""0.00018""","=""L9039"""
"=""4p6.45d""","=""2D""","=""5/2""","=""""","=""4.17002""","=""""","=""0.00004""","=""0.00000""","=""L9039"""
"=""4p6.47s""","=""2S""","=""1/2""","=""""","=""4.17007""","=""""","=""0.00004""","=""0.00005""","=""L9039"""
"=""4p6.47p""","=""2P*""","=""1/2""","=""""","=""4.170235""","=""""","=""0.000007""","=""0.00016""","=""L9039"""
"=""4p6.47p""","=""2P*""","=""3/2""","=""""","=""4.170235""","=""""","=""0.000007""","=""0.000000""","=""L9039"""
"=""4p6.46d""","=""2D""","=""3/2""","=""""","=""4.17032""","=""""","=""0.00004""","=""0.00009""","=""L9039"""
"=""4p6.46d""","=""2D""","=""5/2""","=""""","=""4.17032""","=""""","=""0.00004""","=""0.00000""","=""L9039"""
"=""4p6.48s""","=""2S""","=""1/2""","=""""","=""4.17038""","=""""","=""0.00004""","=""0.00006""","=""L9039"""
"=""4p6.48p""","=""2P*""","=""1/2""","=""""","=""4.170535""","=""""","=""0.000007""","=""0.00016""","=""L9039"""
"=""4p6.48p""","=""2P*""","=""3/2""","=""""","=""4.170535""","=""""","=""0.000007""","=""0.000000""","=""L9039"""
"=""4p6.47d""","=""2D""","=""3/2""","=""""","=""4.17062""","=""""","=""0.00004""","=""0.00009""","=""L9039"""
"=""4p6.47d""","=""2D""","=""5/2""","=""""","=""4.17062""","=""""","=""0.00004""","=""0.00000""","=""L9039"""
"=""4p6.49s""","=""2S""","=""1/2""","=""""","=""4.17068""","=""""","=""0.00004""","=""0.00006""","=""L9039"""
"=""4p6.49p""","=""2P*""","=""1/2""","=""""","=""4.170815""","=""""","=""0.000007""","=""0.00014""","=""L9039"""
"=""4p6.49p""","=""2P*""","=""3/2""","=""""","=""4.170815""","=""""","=""0.000007""","=""0.000000""","=""L9039"""
"=""4p6.48d""","=""2D""","=""3/2""","=""""","=""4.17092""","=""""","=""0.00004""","=""0.00010""","=""L9039"""
"=""4p6.48d""","=""2D""","=""5/2""","=""""","=""4.17092""","=""""","=""0.00004""","=""0.00000""","=""L9039"""
"=""4p6.50s""","=""2S""","=""1/2""","=""[""","=""4.17095""","=""]""","=""0.00004""","=""0.00003""","=""L9039"""
"=""4p6.50p""","=""2P*""","=""3/2""","=""""","=""4.171078""","=""""","=""0.000007""","=""0.00013""","=""L9039"""
"=""4p6.50p""","=""2P*""","=""1/2""","=""""","=""4.171078""","=""""","=""0.000007""","=""0.000000""","=""L9039"""
"=""4p6.49d""","=""2D""","=""3/2""","=""""","=""4.17114""","=""""","=""0.00004""","=""0.00006""","=""L9039"""
"=""4p6.49d""","=""2D""","=""5/2""","=""""","=""4.17114""","=""""","=""0.00004""","=""0.00000""","=""L9039"""
"=""4p6.51s""","=""2S""","=""1/2""","=""""","=""4.17121""","=""""","=""0.00004""","=""0.00007""","=""L9039"""
"=""4p6.51p""","=""2P*""","=""1/2""","=""""","=""4.171327""","=""""","=""0.000007""","=""0.00012""","=""L9039"""
"=""4p6.51p""","=""2P*""","=""3/2""","=""""","=""4.171327""","=""""","=""0.000007""","=""0.000000""","=""L9039"""
"=""4p6.50d""","=""2D""","=""3/2""","=""""","=""4.17141""","=""""","=""0.00004""","=""0.00008""","=""L9039"""
"=""4p6.50d""","=""2D""","=""5/2""","=""""","=""4.17141""","=""""","=""0.00004""","=""0.00000""","=""L9039"""
"=""4p6.52s""","=""2S""","=""1/2""","=""""","=""4.17145""","=""""","=""0.00004""","=""0.00004""","=""L9039"""
"=""4p6.52p""","=""2P*""","=""1/2""","=""""","=""4.171567""","=""""","=""0.000007""","=""0.00012""","=""L9039"""
"=""4p6.52p""","=""2P*""","=""3/2""","=""""","=""4.171567""","=""""","=""0.000007""","=""0.000000""","=""L9039"""
"=""4p6.51d""","=""2D""","=""3/2""","=""""","=""4.17163""","=""""","=""0.00004""","=""0.00006""","=""L9039"""
"=""4p6.51d""","=""2D""","=""5/2""","=""""","=""4.17163""","=""""","=""0.00004""","=""0.00000""","=""L9039"""
"=""4p6.53s""","=""2S""","=""1/2""","=""""","=""4.17167""","=""""","=""0.00004""","=""0.00004""","=""L9039"""
"=""4p6.53p""","=""2P*""","=""1/2""","=""""","=""4.171786""","=""""","=""0.000007""","=""0.00012""","=""L9039"""
"=""4p6.53p""","=""2P*""","=""3/2""","=""""","=""4.171786""","=""""","=""0.000007""","=""0.000000""","=""L9039"""
"=""4p6.52d""","=""2D""","=""3/2""","=""""","=""4.17186""","=""""","=""0.00004""","=""0.00007""","=""L9039"""
"=""4p6.52d""","=""2D""","=""5/2""","=""""","=""4.17186""","=""""","=""0.00004""","=""0.00000""","=""L9039"""
"=""4p6.54p""","=""2P*""","=""1/2""","=""""","=""4.171985""","=""""","=""0.000007""","=""0.00013""","=""L9039"""
"=""4p6.54p""","=""2P*""","=""3/2""","=""""","=""4.171985""","=""""","=""0.000007""","=""0.000000""","=""L9039"""
"=""4p6.53d""","=""2D""","=""3/2""","=""""","=""4.17203""","=""""","=""0.00004""","=""0.00005""","=""L9039"""
"=""4p6.53d""","=""2D""","=""5/2""","=""""","=""4.17203""","=""""","=""0.00004""","=""0.00000""","=""L9039"""
"=""4p6.55p""","=""2P*""","=""1/2""","=""""","=""4.172186""","=""""","=""0.000007""","=""0.00016""","=""L9039"""
"=""4p6.55p""","=""2P*""","=""3/2""","=""""","=""4.172186""","=""""","=""0.000007""","=""0.000000""","=""L9039"""
"=""4p6.54d""","=""2D""","=""3/2""","=""""","=""4.17225""","=""""","=""0.00004""","=""0.00006""","=""L9039"""
"=""4p6.54d""","=""2D""","=""5/2""","=""""","=""4.17225""","=""""","=""0.00004""","=""0.00000""","=""L9039"""
"=""4p6.56p""","=""2P*""","=""1/2""","=""""","=""4.172367""","=""""","=""0.000007""","=""0.00012""","=""L9039"""
"=""4p6.56p""","=""2P*""","=""3/2""","=""""","=""4.172367""","=""""","=""0.000007""","=""0.000000""","=""L9039"""
"=""4p6.57p""","=""2P*""","=""1/2""","=""""","=""4.172539""","=""""","=""0.000007""","=""0.000172""","=""L9039"""
"=""4p6.57p""","=""2P*""","=""3/2""","=""""","=""4.172539""","=""""","=""0.000007""","=""0.000000""","=""L9039"""
"=""4p6.58p""","=""2P*""","=""1/2""","=""""","=""4.172702""","=""""","=""0.000007""","=""0.000163""","=""L9039"""
"=""4p6.58p""","=""2P*""","=""3/2""","=""""","=""4.172702""","=""""","=""0.000007""","=""0.000000""","=""L9039"""
"=""4p6.59p""","=""2P*""","=""3/2""","=""""","=""4.172861""","=""""","=""0.000007""","=""0.000159""","=""L9039"""
"=""4p6.59p""","=""2P*""","=""1/2""","=""""","=""4.172861""","=""""","=""0.000007""","=""0.000000""","=""L9039"""
"=""4p6.60p""","=""2P*""","=""1/2""","=""""","=""4.173004""","=""""","=""0.000007""","=""0.000143""","=""L9039"""
"=""4p6.60p""","=""2P*""","=""3/2""","=""""","=""4.173004""","=""""","=""0.000007""","=""0.000000""","=""L9039"""
"=""4p6.61p""","=""2P*""","=""1/2""","=""""","=""4.173146""","=""""","=""0.000007""","=""0.000142""","=""L9039"""
"=""4p6.61p""","=""2P*""","=""3/2""","=""""","=""4.173146""","=""""","=""0.000007""","=""0.000000""","=""L9039"""
"=""4p6.62p""","=""2P*""","=""1/2""","=""""","=""4.173283""","=""""","=""0.000007""","=""0.000137""","=""L9039"""
"=""4p6.62p""","=""2P*""","=""3/2""","=""""","=""4.173283""","=""""","=""0.000007""","=""0.000000""","=""L9039"""
"=""4p6.63p""","=""2P*""","=""1/2""","=""""","=""4.173410""","=""""","=""0.000007""","=""0.000127""","=""L9039"""
"=""4p6.63p""","=""2P*""","=""3/2""","=""""","=""4.173410""","=""""","=""0.000007""","=""0.000000""","=""L9039"""
"=""4p6.64p""","=""2P*""","=""1/2""","=""""","=""4.173533""","=""""","=""0.000007""","=""0.000123""","=""L9039"""
"=""4p6.64p""","=""2P*""","=""3/2""","=""""","=""4.173533""","=""""","=""0.000007""","=""0.000000""","=""L9039"""
"=""4p6.65p""","=""2P*""","=""3/2""","=""""","=""4.173647""","=""""","=""0.000007""","=""0.000114""","=""L9039"""
"=""4p6.65p""","=""2P*""","=""1/2""","=""""","=""4.173647""","=""""","=""0.000007""","=""0.000000""","=""L9039"""
"=""4p6.66p""","=""2P*""","=""3/2""","=""""","=""4.173758""","=""""","=""0.000007""","=""0.000111""","=""L9039"""
"=""4p6.66p""","=""2P*""","=""1/2""","=""""","=""4.173758""","=""""","=""0.000007""","=""0.000000""","=""L9039"""
"=""4p6.67p""","=""2P*""","=""3/2""","=""""","=""4.173864""","=""""","=""0.000007""","=""0.000106""","=""L9039"""
"=""4p6.67p""","=""2P*""","=""1/2""","=""""","=""4.173864""","=""""","=""0.000007""","=""0.000000""","=""L9039"""
"=""4p6.68p""","=""2P*""","=""3/2""","=""""","=""4.173963""","=""""","=""0.000007""","=""0.000099""","=""L9039"""
"=""4p6.68p""","=""2P*""","=""1/2""","=""""","=""4.173963""","=""""","=""0.000007""","=""0.000000""","=""L9039"""
"=""4p6.69p""","=""2P*""","=""3/2""","=""""","=""4.174057""","=""""","=""0.000007""","=""0.000094""","=""L9039"""
"=""4p6.69p""","=""2P*""","=""1/2""","=""""","=""4.174057""","=""""","=""0.000007""","=""0.000000""","=""L9039"""
"=""4p6.70p""","=""2P*""","=""3/2""","=""""","=""4.174149""","=""""","=""0.000007""","=""0.000092""","=""L9039"""
"=""4p6.70p""","=""2P*""","=""1/2""","=""""","=""4.174149""","=""""","=""0.000007""","=""0.000000""","=""L9039"""
"=""4p6.71p""","=""2P*""","=""3/2""","=""""","=""4.174237""","=""""","=""0.000007""","=""0.000088""","=""L9039"""
"=""4p6.71p""","=""2P*""","=""1/2""","=""""","=""4.174237""","=""""","=""0.000007""","=""0.000000""","=""L9039"""
"=""4p6.72p""","=""2P*""","=""3/2""","=""""","=""4.174314""","=""""","=""0.000007""","=""0.000077""","=""L9039"""
"=""4p6.72p""","=""2P*""","=""1/2""","=""""","=""4.174314""","=""""","=""0.000007""","=""0.000000""","=""L9039"""
"=""4p6.73p""","=""2P*""","=""1/2""","=""""","=""4.174398""","=""""","=""0.000007""","=""0.000084""","=""L9039"""
"=""4p6.73p""","=""2P*""","=""3/2""","=""""","=""4.174398""","=""""","=""0.000007""","=""0.000000""","=""L9039"""
"=""4p6.74p""","=""2P*""","=""1/2""","=""""","=""4.174469""","=""""","=""0.000007""","=""0.000071""","=""L9039"""
"=""4p6.74p""","=""2P*""","=""3/2""","=""""","=""4.174469""","=""""","=""0.000007""","=""0.000000""","=""L9039"""
"=""4p6.75p""","=""2P*""","=""1/2""","=""""","=""4.174549""","=""""","=""0.000007""","=""0.000080""","=""L9039"""
"=""4p6.75p""","=""2P*""","=""3/2""","=""""","=""4.174549""","=""""","=""0.000007""","=""0.000000""","=""L9039"""
"=""4p6.76p""","=""2P*""","=""3/2""","=""""","=""4.174624""","=""""","=""0.000007""","=""0.000075""","=""L9039"""
"=""4p6.76p""","=""2P*""","=""1/2""","=""""","=""4.174624""","=""""","=""0.000007""","=""0.000000""","=""L9039"""
"=""4p6.77p""","=""2P*""","=""1/2""","=""""","=""4.174681""","=""""","=""0.000007""","=""0.000057""","=""L9039"""
"=""4p6.77p""","=""2P*""","=""3/2""","=""""","=""4.174681""","=""""","=""0.000007""","=""0.000000""","=""L9039"""
"=""Rb II (4p6 1S<0>)""","=""Limit""","=""---""","=""""","=""4.1771281""","=""""","=""0.0000012""","=""""","=""L4740,L5783"""
"=""4p5.5s.5p""","=""4S""","=""3/2""","=""""","=""16.64489""","=""""","=""0.00005""","=""12.46776""","=""L9039"""
"=""4p5.5s.4d""","=""4P*""","=""5/2""","=""""","=""16.96183""","=""""","=""0.00005""","=""0.31694""","=""L9039"""
"=""4p5.4d.(3D).5s""","=""2D*""","=""3/2""","=""""","=""18.46174""","=""""","=""0.00014""","=""1.4999""","=""L9039"""
"=""4p5.5s.6s""","=""4P*""","=""5/2""","=""""","=""18.67066""","=""""","=""0.00014""","=""0.2089""","=""L9039"""
"=""4p5.5s.6s""","=""4P*""","=""3/2""","=""""","=""18.76005""","=""""","=""0.00014""","=""0.0894""","=""L9039"""
"=""4p5.5s.(1P).6s""","=""2P*""","=""1/2""","=""""","=""18.88453""","=""""","=""0.00014""","=""0.1245""","=""L9039"""
"=""4p5.5p2""","=""4D*""","=""5/2""","=""""","=""19.02054""","=""""","=""0.00014""","=""0.1360""","=""L9039"""
"=""4p5.4d.(1P).5s""","=""2P*""","=""3/2""","=""""","=""19.09902""","=""""","=""0.00015""","=""0.0785""","=""L9039"""
