obs_wl_vac(nm),unc_obs_wl,ritz_wl_vac(nm),unc_ritz_wl,intens,gA(s^-1),fik,log_gf,Acc,Ei(eV),Ek(eV),conf_i,term_i,J_i,conf_k,term_k,J_k,Type,tp_ref,line_ref,
"=""108.998""","=""0.0035""","=""108.997""","=""0.004""","=""a""","=""1.4e+07""","=""6.5e-04""","=""-2.59""",D+,"=""1.79767873""","=""13.1727""","=""5p6.5d""","=""2D""","=""3/2""","=""5p5.6s.(3P*).5d""","=""4P*""","=""5/2""",,"=""T5128""","=""L16570""",
"=""109.111""","=""0.0035""","=""109.113""","=""0.004""","=""a""","=""2.4e+08""","=""7.e-03""","=""-1.4""",E,"=""1.809777795""","=""13.1727""","=""5p6.5d""","=""2D""","=""5/2""","=""5p5.6s.(3P*).5d""","=""4P*""","=""5/2""",,"=""T5128""","=""L16570""",
obs_wl_air(nm),unc_obs_wl,ritz_wl_air(nm),unc_ritz_wl,intens,gA(s^-1),fik,log_gf,Acc,Ei(eV),Ek(eV),conf_i,term_i,J_i,conf_k,term_k,J_k,Type,tp_ref,line_ref,
"=""320.7507""","=""0.0005""","=""320.751864""","=""0.000003""","=""""","=""3.4e+03""","=""2.6e-06""","=""-5.28""",C,"=""0.00000000""","=""3.864307580""","=""5p6.6s""","=""2S""","=""1/2""","=""5p6.25p""","=""2P*""","=""3/2""",,"=""T4515""","=""L3287c91""",
"=""320.9967""","=""0.0005""","=""320.9980""","=""0.0003""","=""""","=""3.8e+03""","=""2.9e-06""","=""-5.24""",C,"=""0.00000000""","=""3.861344""","=""5p6.6s""","=""2S""","=""1/2""","=""5p6.24p""","=""2P*""","=""3/2""",,"=""T4515""","=""L3287c91""",
"=""321.2831""","=""0.0005""","=""321.284326""","=""0.000003""","=""""","=""4.76e+03""","=""3.69e-06""","=""-5.13""",C,"=""0.00000000""","=""3.857903527""","=""5p6.6s""","=""2S""","=""1/2""","=""5p6.23p""","=""2P*""","=""3/2""",,"=""T4515""","=""L3287c91""",
"=""321.6171""","=""0.0005""","=""321.6184""","=""0.0003""","=""""","=""5.96e+03""","=""4.62e-06""","=""-5.034""",C,"=""0.00000000""","=""3.853896""","=""5p6.6s""","=""2S""","=""1/2""","=""5p6.22p""","=""2P*""","=""3/2""",,"=""T4515""","=""L3287c91""",
"=""322.0116""","=""0.0005""","=""322.01318""","=""0.00003""","=""""","=""6.8e+03""","=""5.3e-06""","=""-4.98""",C,"=""0.00000000""","=""3.8491718""","=""5p6.6s""","=""2S""","=""1/2""","=""5p6.21p""","=""2P*""","=""3/2""",,"=""T4515""","=""L3287c91""",
"=""322.0258""","=""0.0005""","=""322.027191""","=""0.000003""","=""""","=""2.14e+01""","=""1.66e-08""","=""-7.48""",C,"=""0.00000000""","=""3.849004282""","=""5p6.6s""","=""2S""","=""1/2""","=""5p6.21p""","=""2P*""","=""1/2""",,"=""T4515""","=""L3287c91""",
"=""322.4817""","=""0.0005""","=""322.4834""","=""0.0003""","=""""","=""8.0e+03""","=""6.2e-06""","=""-4.90""",C,"=""0.00000000""","=""3.843560""","=""5p6.6s""","=""2S""","=""1/2""","=""5p6.20p""","=""2P*""","=""3/2""",,"=""T4515""","=""L3287c91""",
"=""322.4982""","=""0.0005""","=""322.5001""","=""0.0003""","=""""","=""2.86e+01""","=""2.23e-08""","=""-7.350""",C,"=""0.00000000""","=""3.843360""","=""5p6.6s""","=""2S""","=""1/2""","=""5p6.20p""","=""2P*""","=""1/2""",,"=""T4515""","=""L3287c91""",
"=""323.0477""","=""0.0005""","=""323.04910""","=""0.00003""","=""""","=""1.0e+04""","=""7.8e-06""","=""-4.81""",C,"=""0.00000000""","=""3.8368290""","=""5p6.6s""","=""2S""","=""1/2""","=""5p6.19p""","=""2P*""","=""3/2""",,"=""T4515""","=""L3287c91""",
"=""323.0680""","=""0.0005""","=""323.069404""","=""0.000003""","=""""","=""3.94e+01""","=""3.08e-08""","=""-7.210""",C,"=""0.00000000""","=""3.836587939""","=""5p6.6s""","=""2S""","=""1/2""","=""5p6.19p""","=""2P*""","=""1/2""",,"=""T4515""","=""L3287c91""",
"=""323.7382""","=""0.0005""","=""323.739478""","=""0.000003""","=""""","=""1.1e+04""","=""8.8e-06""","=""-4.75""",C,"=""0.00000000""","=""3.828647273""","=""5p6.6s""","=""2S""","=""1/2""","=""5p6.18p""","=""2P*""","=""3/2""",,"=""T4515""","=""L3287c91""",
"=""323.7630""","=""0.0005""","=""323.764381""","=""0.000003""","=""""","=""5.26e+01""","=""4.14e-08""","=""-7.082""",C,"=""0.00000000""","=""3.828352787""","=""5p6.6s""","=""2S""","=""1/2""","=""5p6.18p""","=""2P*""","=""1/2""",,"=""T4515""","=""L3287c91""",
"=""324.5925""","=""0.0005""","=""324.59378""","=""0.00003""","=""""","=""1.38e+04""","=""1.09e-05""","=""-4.661""",C,"=""0.00000000""","=""3.8185710""","=""5p6.6s""","=""2S""","=""1/2""","=""5p6.17p""","=""2P*""","=""3/2""",,"=""T4515""","=""L3287c91""",
"=""324.6236""","=""0.0005""","=""324.624820""","=""0.000003""","=""""","=""7.4e+01""","=""5.8e-08""","=""-6.93""",C,"=""0.00000000""","=""3.818205847""","=""5p6.6s""","=""2S""","=""1/2""","=""5p6.17p""","=""2P*""","=""1/2""",,"=""T4515""","=""L3287c91""",
"=""325.6672""","=""0.0005""","=""325.66879""","=""0.00003""","=""""","=""1.70e+04""","=""1.35e-05""","=""-4.568""",C,"=""0.00000000""","=""3.8059666""","=""5p6.6s""","=""2S""","=""1/2""","=""5p6.16p""","=""2P*""","=""3/2""",,"=""T4515""","=""L3287c91""",
"=""325.7071""","=""0.0005""","=""325.708223""","=""0.000003""","=""""","=""1.4e+02""","=""1.1e-07""","=""-6.65""",C,"=""0.00000000""","=""3.805505791""","=""5p6.6s""","=""2S""","=""1/2""","=""5p6.16p""","=""2P*""","=""1/2""",,"=""T4515""","=""L3287c91""",
"=""327.0474""","=""0.0005""","=""327.04856""","=""0.00003""","=""""","=""2.6e+04""","=""2.1e-05""","=""-4.38""",C+,"=""0.00000000""","=""3.7899103""","=""5p6.6s""","=""2S""","=""1/2""","=""5p6.15p""","=""2P*""","=""3/2""",,"=""T7227""","=""L3287c91""",
"=""327.0977""","=""0.0005""","=""327.099702""","=""0.000003""","=""""","=""2.46e+02""","=""2.0e-07""","=""-6.40""",C,"=""0.00000000""","=""3.789317765""","=""5p6.6s""","=""2S""","=""1/2""","=""5p6.15p""","=""2P*""","=""1/2""",,"=""T7227""","=""L3287c91""",
"=""328.8601""","=""0.0005""","=""328.86169""","=""0.00003""","=""""","=""3.6e+04""","=""2.9e-05""","=""-4.24""",D+,"=""0.00000000""","=""3.7690159""","=""5p6.6s""","=""2S""","=""1/2""","=""5p6.14p""","=""2P*""","=""3/2""",,"=""T7227""","=""L3287c91""",
"=""328.9286""","=""0.0005""","=""328.929769""","=""0.000003""","=""""","=""5.0e+02""","=""4.1e-07""","=""-6.09""",C+,"=""0.00000000""","=""3.768235852""","=""5p6.6s""","=""2S""","=""1/2""","=""5p6.14p""","=""2P*""","=""1/2""",,"=""T7227""","=""L3287c91""",
"=""331.3121""","=""0.0005""","=""331.31384""","=""0.00003""","=""""","=""5.80e+04""","=""4.8e-05""","=""-4.02""",C+,"=""0.00000000""","=""3.7411213""","=""5p6.6s""","=""2S""","=""1/2""","=""5p6.13p""","=""2P*""","=""3/2""",,"=""T7227""","=""L3287c91""",
"=""331.4055""","=""0.0005""","=""331.407305""","=""0.000003""","=""""","=""1.0e+03""","=""8.2e-07""","=""-5.79""",C+,"=""0.00000000""","=""3.740066199""","=""5p6.6s""","=""2S""","=""1/2""","=""5p6.13p""","=""2P*""","=""1/2""",,"=""T7227""","=""L3287c91""",
"=""334.7490""","=""0.0005""","=""334.75123""","=""0.00003""","=""""","=""8.56e+04""","=""7.2e-05""","=""-3.84""",B,"=""0.00000000""","=""3.7027069""","=""5p6.6s""","=""2S""","=""1/2""","=""5p6.12p""","=""2P*""","=""3/2""",,"=""T7227""","=""L3287c91""",
"=""334.8820""","=""0.0005""","=""334.884823""","=""0.000003""","=""""","=""2.12e+03""","=""1.78e-06""","=""-5.45""",B,"=""0.00000000""","=""3.701229795""","=""5p6.6s""","=""2S""","=""1/2""","=""5p6.12p""","=""2P*""","=""1/2""",,"=""T7227""","=""L3287c91""",
"=""339.7966""","=""0.0005""","=""339.79779""","=""0.00003""","=""""","=""1.4e+05""","=""1.25e-04""","=""-3.60""",C+,"=""0.00000000""","=""3.6477173""","=""5p6.6s""","=""2S""","=""1/2""","=""5p6.11p""","=""2P*""","=""3/2""",,"=""T7227""","=""L3287c91""",
"=""339.9979""","=""0.0005""","=""339.998885""","=""0.000003""","=""""","=""4.72e+03""","=""4.1e-06""","=""-5.09""",B,"=""0.00000000""","=""3.645559844""","=""5p6.6s""","=""2S""","=""1/2""","=""5p6.11p""","=""2P*""","=""1/2""",,"=""T7227""","=""L3287c91""",
"=""347.6809""","=""0.0005""","=""347.682069""","=""0.000013""","=""""","=""2.5e+05""","=""2.27e-04""","=""-3.34""",B,"=""0.00000000""","=""3.56500158""","=""5p6.6s""","=""2S""","=""1/2""","=""5p6.10p""","=""2P*""","=""3/2""",,"=""T7227""","=""L3287c91""",
"=""348.0060""","=""0.0005""","=""348.007222""","=""0.000006""","=""""","=""1.3e+04""","=""1.15e-05""","=""-4.64""",B,"=""0.00000000""","=""3.56167080""","=""5p6.6s""","=""2S""","=""1/2""","=""5p6.10p""","=""2P*""","=""1/2""",,"=""T7227""","=""L3287c91""",
"=""361.14714""","=""0.00019""","=""361.146769""","=""0.000015""","=""160""","=""5.72e+05""","=""5.6e-04""","=""-2.95""",C+,"=""0.00000000""","=""3.43209068""","=""5p6.6s""","=""2S""","=""1/2""","=""5p6.9p""","=""2P*""","=""3/2""",,"=""T7227""","=""L5791""",
"=""361.73084""","=""0.00017""","=""361.730663""","=""0.000007""","=""32""","=""4.4e+04""","=""4.4e-05""","=""-4.06""",C,"=""0.00000000""","=""3.42655087""","=""5p6.6s""","=""2S""","=""1/2""","=""5p6.9p""","=""2P*""","=""1/2""",,"=""T7227""","=""L5791""",
"=""387.61486""","=""0.00008""","=""387.6147""","=""0.0005""","=""2100""","=""1.6e+06""","=""1.74e-03""","=""-2.46""",B+,"=""0.00000000""","=""3.197739""","=""5p6.6s""","=""2S""","=""1/2""","=""5p6.8p""","=""2P*""","=""3/2""",,"=""T7227""","=""L5791""",
"=""388.8611413""","=""0.0000022""","=""388.8611413""","=""0.0000022""","=""600""","=""1.8e+05""","=""2.04e-04""","=""-3.39""",C+,"=""0.00000000""","=""3.187489360""","=""5p6.6s""","=""2S""","=""1/2""","=""5p6.8p""","=""2P*""","=""1/2""",,"=""T7227""","=""L9729c91""",
"=""455.52799""","=""0.00005""","=""455.5280""","=""0.0005""","=""""","=""7.344e+06""","=""1.143e-02""","=""-1.641""",AA,"=""0.00000000""","=""2.721006""","=""5p6.6s""","=""2S""","=""1/2""","=""5p6.7p""","=""2P*""","=""3/2""",,"=""T7550""","=""L3506c91""",
"=""459.31721""","=""0.00005""","=""459.3172""","=""0.0004""","=""""","=""1.59e+06""","=""2.51e-03""","=""-2.299""",A+,"=""0.00000000""","=""2.6985592""","=""5p6.6s""","=""2S""","=""1/2""","=""5p6.7p""","=""2P*""","=""1/2""",,"=""T7550""","=""L3506c91""",
"=""684.89056""","=""0.00005""","=""684.890692""","=""0.000010""","=""""","=""1.334e+02""","=""4.692e-07""","=""-6.028""",A+,"=""0.00000000""","=""1.809777795""","=""5p6.6s""","=""2S""","=""1/2""","=""5p6.5d""","=""2D""","=""5/2""",E2,"=""T7826""","=""L793c91""",
"=""852.113165""","=""0.000004""","=""852.113165""","=""0.000004""","=""""","=""1.312e+08""","=""7.142e-01""","=""-0.1549""",AAA,"=""0.00000000""","=""1.454620692074""","=""5p6.6s""","=""2S""","=""1/2""","=""5p6.6p""","=""2P*""","=""3/2""",,"=""T6469""","=""L15527c91""",
"=""894.347424""","=""0.000004""","=""894.347424""","=""0.000004""","=""""","=""5.726e+07""","=""3.435e-01""","=""-0.1631""",AAA,"=""0.00000000""","=""1.385928617528""","=""5p6.6s""","=""2S""","=""1/2""","=""5p6.6p""","=""2P*""","=""1/2""",,"=""T6469""","=""L12151c91""",
obs_wl_vac(nm),unc_obs_wl,ritz_wl_vac(nm),unc_ritz_wl,intens,gA(s^-1),fik,log_gf,Acc,Ei(eV),Ek(eV),conf_i,term_i,J_i,conf_k,term_k,J_k,Type,tp_ref,line_ref,
"=""3011.148""","=""0.003""","=""3011.1515""","=""0.0009""","=""28000""","=""3.94e+06""","=""2.68e-01""","=""-0.271""",A+,"=""1.385928617528""","=""1.79767873""","=""5p6.6p""","=""2P*""","=""1/2""","=""5p6.5d""","=""2D""","=""3/2""",,"=""T7723n,T6899""","=""L5791""",
"=""3490.965""","=""0.003""","=""3490.96773""","=""0.00024""","=""11000""","=""4.69e+06""","=""2.139e-01""","=""-0.068""",AA,"=""1.454620692074""","=""1.809777795""","=""5p6.6p""","=""2P*""","=""3/2""","=""5p6.5d""","=""2D""","=""5/2""",,"=""T6899""","=""L5791""",
"=""3614.0854""","=""0.0024""","=""3614.0881""","=""0.0013""","=""1900""","=""4.628e+05""","=""2.27e-02""","=""-1.043""",A+,"=""1.454620692074""","=""1.79767873""","=""5p6.6p""","=""2P*""","=""3/2""","=""5p6.5d""","=""2D""","=""3/2""",,"=""T7723n,T6899""","=""L5791""",
