obs_wl_air(nm),ritz_wl_air(nm),unc_ritz_wl,intens,gA(s^-1),fik,log_gf,Acc,Ei(eV),Ek(eV),conf_i,term_i,J_i,conf_k,term_k,J_k,Type,tp_ref,line_ref,
"=""""","=""292.75309""","=""0.00003""","=""""","=""3.26e+03""","=""2.10e-06""","=""-5.38""",C+,"=""0.00000000""","=""4.2338727""","=""3p6.4s""","=""2S""","=""1/2""","=""3p6.13p""","=""2P*""","=""3/2""",,"=""T5436n,extrap""","=""""",
"=""""","=""292.75701""","=""0.00003""","=""""","=""9.38e+02""","=""6.04e-07""","=""-5.92""",C+,"=""0.00000000""","=""4.2338159""","=""3p6.4s""","=""2S""","=""1/2""","=""3p6.13p""","=""2P*""","=""1/2""",,"=""T5436n,extrap""","=""""",
"=""""","=""294.26696""","=""0.00003""","=""""","=""4.52e+03""","=""2.93e-06""","=""-5.23""",C+,"=""0.00000000""","=""4.2120922""","=""3p6.4s""","=""2S""","=""1/2""","=""3p6.12p""","=""2P*""","=""3/2""",,"=""T5436n,extrap""","=""""",
"=""""","=""294.27223""","=""0.00003""","=""""","=""1.36e+03""","=""8.9e-07""","=""-5.75""",C+,"=""0.00000000""","=""4.2120168""","=""3p6.4s""","=""2S""","=""1/2""","=""3p6.12p""","=""2P*""","=""1/2""",,"=""T5436n,extrap""","=""""",
"=""""","=""296.32104""","=""0.00003""","=""""","=""6.92e+03""","=""4.55e-06""","=""-5.04""",C+,"=""0.00000000""","=""4.1828956""","=""3p6.4s""","=""2S""","=""1/2""","=""3p6.11p""","=""2P*""","=""3/2""",,"=""T5436n,extrap""","=""""",
"=""""","=""296.32833""","=""0.00003""","=""""","=""2.20e+03""","=""1.45e-06""","=""-5.54""",C+,"=""0.00000000""","=""4.1827927""","=""3p6.4s""","=""2S""","=""1/2""","=""3p6.11p""","=""2P*""","=""1/2""",,"=""T5436n,extrap""","=""""",
"=""299.2108""","=""299.21179""","=""0.00003""","=""a""","=""1.26e+04""","=""8.50e-06""","=""-4.77""",C+,"=""0.00000000""","=""4.1424855""","=""3p6.4s""","=""2S""","=""1/2""","=""3p6.10p""","=""2P*""","=""3/2""",,"=""T5436n,extrap""","=""L3287""",
"=""299.2215""","=""299.22225""","=""0.00003""","=""a""","=""4.24e+03""","=""2.85e-06""","=""-5.24""",C+,"=""0.00000000""","=""4.1423407""","=""3p6.4s""","=""2S""","=""1/2""","=""3p6.10p""","=""2P*""","=""1/2""",,"=""T5436n,extrap""","=""L3287""",
"=""303.4751""","=""303.47619""","=""0.00003""","=""a""","=""2.70e+04""","=""1.86e-05""","=""-4.43""",B,"=""0.00000000""","=""4.0842783""","=""3p6.4s""","=""2S""","=""1/2""","=""3p6.9p""","=""2P*""","=""3/2""",,"=""T5436n""","=""L3287""",
"=""303.4911""","=""303.49207""","=""0.00003""","=""a""","=""9.56e+03""","=""6.60e-06""","=""-4.88""",C+,"=""0.00000000""","=""4.0840647""","=""3p6.4s""","=""2S""","=""1/2""","=""3p6.9p""","=""2P*""","=""1/2""",,"=""T5436n""","=""L3287""",
"=""310.1791""","=""310.1789""","=""0.0006""","=""a""","=""6.48e+04""","=""4.66e-05""","=""-4.03""",B+,"=""0.00000000""","=""3.996024""","=""3p6.4s""","=""2S""","=""1/2""","=""3p6.8p""","=""2P*""","=""3/2""",,"=""T5436n""","=""L3287""",
"=""310.2051""","=""310.2046""","=""0.0006""","=""a""","=""2.44e+04""","=""1.76e-05""","=""-4.45""",C+,"=""0.00000000""","=""3.995693""","=""3p6.4s""","=""2S""","=""1/2""","=""3p6.8p""","=""2P*""","=""1/2""",,"=""T5436n""","=""L3287""",
"=""321.7151""","=""321.7154""","=""0.0006""","=""a""","=""2.00e+05""","=""1.55e-04""","=""-3.51""",B+,"=""0.00000000""","=""3.852735""","=""3p6.4s""","=""2S""","=""1/2""","=""3p6.7p""","=""2P*""","=""3/2""",,"=""T5436n""","=""L3287""",
"=""321.7615""","=""321.7620""","=""0.0006""","=""a""","=""8.00e+04""","=""6.22e-05""","=""-3.91""",C+,"=""0.00000000""","=""3.852177""","=""3p6.4s""","=""2S""","=""1/2""","=""3p6.7p""","=""2P*""","=""1/2""",,"=""T5436n""","=""L3287""",
"=""344.6376""","=""344.6372""","=""0.0006""","=""a""","=""6.60e+05""","=""5.89e-04""","=""-2.93""",B+,"=""0.00000000""","=""3.596498""","=""3p6.4s""","=""2S""","=""1/2""","=""3p6.6p""","=""2P*""","=""3/2""",,"=""T5436n""","=""L3287""",
"=""344.7376""","=""344.7375""","=""0.0006""","=""a""","=""2.90e+05""","=""2.58e-04""","=""-3.29""",C+,"=""0.00000000""","=""3.595451""","=""3p6.4s""","=""2S""","=""1/2""","=""3p6.6p""","=""2P*""","=""1/2""",,"=""T5436n""","=""L3287""",
"=""404.4136""","=""404.41422""","=""0.00008""","=""18""","=""4.60e+06""","=""5.67e-03""","=""-1.946""",A,"=""0.00000000""","=""3.0649066""","=""3p6.4s""","=""2S""","=""1/2""","=""3p6.5p""","=""2P*""","=""3/2""",,"=""T5436n""","=""L3287""",
"=""404.7208""","=""404.72132""","=""0.00008""","=""17""","=""2.14e+06""","=""2.63e-03""","=""-2.28""",B+,"=""0.00000000""","=""3.0625810""","=""3p6.4s""","=""2S""","=""1/2""","=""3p6.5p""","=""2P*""","=""1/2""",,"=""T5436n""","=""L3287""",
"=""464.1876""","=""464.18750""","=""0.00011""","=""10""","=""6.16e+02""","=""1.0e-06""","=""-5.7""",AAA,"=""0.00000000""","=""2.6702462""","=""3p6.4s""","=""2S""","=""1/2""","=""3p6.3d""","=""2D""","=""3/2""",E2,"=""T5364""","=""L6096""",
"=""464.2373""","=""464.23725""","=""0.00011""","=""11""","=""9.24e+02""","=""1.49e-06""","=""-5.5""",AAA,"=""0.00000000""","=""2.6699600""","=""3p6.4s""","=""2S""","=""1/2""","=""3p6.3d""","=""2D""","=""5/2""",E2,"=""T5364""","=""L6096""",
"=""474.0914""","=""474.092019""","=""0.000016""","=""4""","=""1.6e+05""","=""2.7e-04""","=""-3.27""",E,"=""1.60995784350""","=""4.22441928""","=""3p6.4p""","=""2P*""","=""1/2""","=""3p6.13s""","=""2S""","=""1/2""",,"=""T1619extrap,LS""","=""L6096""",
"=""474.4345""","=""474.434024""","=""0.000016""","=""6""","=""3.9e+05""","=""6.6e-04""","=""-2.88""",C,"=""1.60995784350""","=""4.22253462""","=""3p6.4p""","=""2P*""","=""1/2""","=""3p6.11d""","=""2D""","=""3/2""",,"=""T817LS""","=""L6096""",
"=""475.3934""","=""475.393077""","=""0.000016""","=""5""","=""3.2e+05""","=""2.7e-04""","=""-2.96""",D+,"=""1.6171130092""","=""4.22441928""","=""3p6.4p""","=""2P*""","=""3/2""","=""3p6.13s""","=""2S""","=""1/2""",,"=""T1619extrap,LS""","=""L6096""",
"=""""","=""475.736962""","=""0.000016""","=""""","=""7.6e+04""","=""6.5e-05""","=""-3.59""",E,"=""1.6171130092""","=""4.22253462""","=""3p6.4p""","=""2P*""","=""3/2""","=""3p6.11d""","=""2D""","=""3/2""",,"=""T817LS""","=""""",
"=""475.7389""","=""475.737719""","=""0.000016""","=""7""","=""7.2e+05""","=""6.1e-04""","=""-2.61""",C,"=""1.6171130092""","=""4.22253048""","=""3p6.4p""","=""2P*""","=""3/2""","=""3p6.11d""","=""2D""","=""5/2""",,"=""T817LS""","=""L6096""",
"=""478.6491""","=""478.649091""","=""0.000016""","=""5""","=""2.06e+05""","=""3.54e-04""","=""-3.150""",C,"=""1.60995784350""","=""4.19952815""","=""3p6.4p""","=""2P*""","=""1/2""","=""3p6.12s""","=""2S""","=""1/2""",,"=""T817,T204,LS""","=""L6096""",
"=""479.1049""","=""479.104132""","=""0.000016""","=""7""","=""5.2e+05""","=""9.0e-04""","=""-2.75""",C,"=""1.60995784350""","=""4.19706867""","=""3p6.4p""","=""2P*""","=""1/2""","=""3p6.10d""","=""2D""","=""3/2""",,"=""T817n,T204n,LS""","=""L6096""",
"=""479.9754""","=""479.975316""","=""0.000016""","=""6""","=""4.14e+05""","=""3.58e-04""","=""-2.844""",C,"=""1.6171130092""","=""4.19952815""","=""3p6.4p""","=""2P*""","=""3/2""","=""3p6.12s""","=""2S""","=""1/2""",,"=""T817,T204,LS""","=""L6096""",
"=""""","=""480.432883""","=""0.000016""","=""""","=""1.0e+05""","=""9.0e-05""","=""-3.44""",C,"=""1.6171130092""","=""4.19706867""","=""3p6.4p""","=""2P*""","=""3/2""","=""3p6.10d""","=""2D""","=""3/2""",,"=""T817n,T204n,LS""","=""""",
"=""480.4348""","=""480.433950""","=""0.000016""","=""8""","=""9.6e+05""","=""8.3e-04""","=""-2.48""",C,"=""1.6171130092""","=""4.19706295""","=""3p6.4p""","=""2P*""","=""3/2""","=""3p6.10d""","=""2D""","=""5/2""",,"=""T817n,T204n,LS""","=""L6096""",
"=""484.9865""","=""484.986450""","=""0.000017""","=""7""","=""3.742e+05""","=""6.600e-04""","=""-2.879""",A+,"=""1.60995784350""","=""4.16569049""","=""3p6.4p""","=""2P*""","=""1/2""","=""3p6.11s""","=""2S""","=""1/2""",,"=""T9168""","=""L6096""",
"=""485.6090""","=""485.609209""","=""0.000017""","=""8""","=""8.40e+05""","=""1.486e-03""","=""-2.527""",A,"=""1.60995784350""","=""4.16241300""","=""3p6.4p""","=""2P*""","=""1/2""","=""3p6.9d""","=""2D""","=""3/2""",,"=""T9168""","=""L6096""",
"=""486.3483""","=""486.348075""","=""0.000017""","=""8""","=""7.396e+05""","=""6.560e-04""","=""-2.581""",AA,"=""1.6171130092""","=""4.16569049""","=""3p6.4p""","=""2P*""","=""3/2""","=""3p6.11s""","=""2S""","=""1/2""",,"=""T9168""","=""L6096""",
"=""""","=""486.974338""","=""0.000017""","=""""","=""1.75e+05""","=""1.56e-04""","=""-3.205""",B+,"=""1.6171130092""","=""4.16241300""","=""3p6.4p""","=""2P*""","=""3/2""","=""3p6.9d""","=""2D""","=""3/2""",,"=""T9168""","=""""",
"=""486.9757""","=""486.975897""","=""0.000017""","=""9""","=""1.57e+06""","=""1.394e-03""","=""-2.254""",A,"=""1.6171130092""","=""4.16240485""","=""3p6.4p""","=""2P*""","=""3/2""","=""3p6.9d""","=""2D""","=""5/2""",,"=""T9168""","=""L6096""",
"=""494.2002""","=""494.200871""","=""0.000017""","=""8bl""","=""5.38e+05""","=""9.86e-04""","=""-2.705""",AA,"=""1.60995784350""","=""4.11803927""","=""3p6.4p""","=""2P*""","=""1/2""","=""3p6.10s""","=""2S""","=""1/2""",,"=""T9168""","=""L1792""",
"=""495.0815""","=""495.081801""","=""0.000017""","=""9""","=""1.08e+06""","=""1.98e-03""","=""-2.403""",B+,"=""1.60995784350""","=""4.11357655""","=""3p6.4p""","=""2P*""","=""1/2""","=""3p6.8d""","=""2D""","=""3/2""",,"=""T9168""","=""L6096""",
"=""495.61461""","=""495.614802""","=""0.000017""","=""9""","=""1.064e+06""","=""9.805e-04""","=""-2.406""",AA,"=""1.6171130092""","=""4.11803927""","=""3p6.4p""","=""2P*""","=""3/2""","=""3p6.10s""","=""2S""","=""1/2""",,"=""T9168""","=""L1792""",
"=""""","=""496.500784""","=""0.000017""","=""""","=""2.22e+05""","=""2.06e-04""","=""-3.085""",B+,"=""1.6171130092""","=""4.11357655""","=""3p6.4p""","=""2P*""","=""3/2""","=""3p6.8d""","=""2D""","=""3/2""",,"=""T9168""","=""""",
"=""496.5031""","=""496.503213""","=""0.000017""","=""10""","=""2.02e+06""","=""1.86e-03""","=""-2.128""",A,"=""1.6171130092""","=""4.11356434""","=""3p6.4p""","=""2P*""","=""3/2""","=""3p6.8d""","=""2D""","=""5/2""",,"=""T9168""","=""L6096""",
"=""508.4226""","=""508.423399""","=""0.000018""","=""10""","=""8.148e+05""","=""1.580e-03""","=""-2.500""",AA,"=""1.60995784350""","=""4.04787964""","=""3p6.4p""","=""2P*""","=""1/2""","=""3p6.9s""","=""2S""","=""1/2""",,"=""T9168""","=""L6096""",
"=""509.7171""","=""509.717137""","=""0.000018""","=""11""","=""1.36e+06""","=""2.65e-03""","=""-2.276""",B+,"=""1.60995784350""","=""4.04169191""","=""3p6.4p""","=""2P*""","=""1/2""","=""3p6.7d""","=""2D""","=""3/2""",,"=""T9168""","=""L6096""",
"=""509.9200""","=""509.920005""","=""0.000018""","=""11""","=""1.613e+06""","=""1.573e-03""","=""-2.201""",A+,"=""1.6171130092""","=""4.04787964""","=""3p6.4p""","=""2P*""","=""3/2""","=""3p6.9s""","=""2S""","=""1/2""",,"=""T9168""","=""L6096""",
"=""""","=""511.221380""","=""0.000018""","=""""","=""2.80e+05""","=""2.75e-04""","=""-2.959""",A,"=""1.6171130092""","=""4.04169191""","=""3p6.4p""","=""2P*""","=""3/2""","=""3p6.7d""","=""2D""","=""3/2""",,"=""T9168""","=""""",
"=""511.2249""","=""511.225448""","=""0.000018""","=""12""","=""2.53e+06""","=""2.48e-03""","=""-2.003""",B+,"=""1.6171130092""","=""4.04167262""","=""3p6.4p""","=""2P*""","=""3/2""","=""3p6.7d""","=""2D""","=""5/2""",,"=""T9168""","=""L6096""",
"=""532.3276""","=""532.32786""","=""0.00009""","=""12""","=""1.32e+06""","=""2.812e-03""","=""-2.250""",A+,"=""1.60995784350""","=""3.9384048""","=""3p6.4p""","=""2P*""","=""1/2""","=""3p6.8s""","=""2S""","=""1/2""",,"=""T9168""","=""L6096""",
"=""533.9688""","=""533.96873""","=""0.00009""","=""13""","=""2.622e+06""","=""2.803e-03""","=""-1.950""",AA,"=""1.6171130092""","=""3.9384048""","=""3p6.4p""","=""2P*""","=""3/2""","=""3p6.8s""","=""2S""","=""1/2""",,"=""T9168""","=""L6096""",
"=""534.2970""","=""534.29693""","=""0.00009""","=""12""","=""1.54e+06""","=""3.30e-03""","=""-2.180""",A,"=""1.60995784350""","=""3.9298237""","=""3p6.4p""","=""2P*""","=""1/2""","=""3p6.6d""","=""2D""","=""3/2""",,"=""T9168""","=""L6096""",
"=""""","=""535.94998""","=""0.00009""","=""""","=""3.24e+05""","=""3.49e-04""","=""-2.855""",A,"=""1.6171130092""","=""3.9298237""","=""3p6.4p""","=""2P*""","=""3/2""","=""3p6.6d""","=""2D""","=""3/2""",,"=""T9168""","=""""",
"=""535.9574""","=""535.95761""","=""0.00009""","=""14""","=""2.92e+06""","=""3.14e-03""","=""-1.901""",A,"=""1.6171130092""","=""3.9297908""","=""3p6.4p""","=""2P*""","=""3/2""","=""3p6.6d""","=""2D""","=""5/2""",,"=""T9168""","=""L6096""",
"=""578.2384""","=""578.23999""","=""0.00010""","=""16""","=""2.372e+06""","=""5.949e-03""","=""-1.924""",AA,"=""1.60995784350""","=""3.7535285""","=""3p6.4p""","=""2P*""","=""1/2""","=""3p6.7s""","=""2S""","=""1/2""",,"=""T9168""","=""L6096""",
"=""580.1752""","=""580.17662""","=""0.00010""","=""17""","=""4.696e+06""","=""5.927e-03""","=""-1.625""",AA,"=""1.6171130092""","=""3.7535285""","=""3p6.4p""","=""2P*""","=""3/2""","=""3p6.7s""","=""2S""","=""1/2""",,"=""T9168""","=""L6096""",
"=""581.2148""","=""581.21521""","=""0.00010""","=""15""","=""1.14e+06""","=""2.90e-03""","=""-2.237""",A,"=""1.60995784350""","=""3.7425557""","=""3p6.4p""","=""2P*""","=""1/2""","=""3p6.5d""","=""2D""","=""3/2""",,"=""T9168""","=""L6096""",
"=""""","=""583.17185""","=""0.00010""","=""""","=""2.45e+05""","=""3.13e-04""","=""-2.903""",A,"=""1.6171130092""","=""3.7425557""","=""3p6.4p""","=""2P*""","=""3/2""","=""3p6.5d""","=""2D""","=""3/2""",,"=""T9168""","=""""",
"=""583.1887""","=""583.18899""","=""0.00010""","=""17""","=""2.23e+06""","=""2.84e-03""","=""-1.945""",A,"=""1.6171130092""","=""3.7424933""","=""3p6.4p""","=""2P*""","=""3/2""","=""3p6.5d""","=""2D""","=""5/2""",,"=""T9168""","=""L6096""",
"=""691.1084""","=""691.10815""","=""0.00014""","=""19""","=""5.000e+06""","=""1.791e-02""","=""-1.446""",AA,"=""1.60995784350""","=""3.4034543""","=""3p6.4p""","=""2P*""","=""1/2""","=""3p6.6s""","=""2S""","=""1/2""",,"=""T9168""","=""L6096""",
"=""693.6284""","=""693.62861""","=""0.00024""","=""12""","=""7.6e+04""","=""2.7e-04""","=""-3.26""",C,"=""1.60995784350""","=""3.3969373""","=""3p6.4p""","=""2P*""","=""1/2""","=""3p6.4d""","=""2D""","=""3/2""",,"=""T9168""","=""L6096""",
"=""693.8767""","=""693.87640""","=""0.00014""","=""20""","=""9.912e+06""","=""1.790e-02""","=""-1.145""",AA,"=""1.6171130092""","=""3.4034543""","=""3p6.4p""","=""2P*""","=""3/2""","=""3p6.6s""","=""2S""","=""1/2""",,"=""T9168""","=""L6096""",
"=""696.418""","=""696.41712""","=""0.00024""","=""7""","=""9.6e+03""","=""1.7e-05""","=""-4.16""",D+,"=""1.6171130092""","=""3.3969373""","=""3p6.4p""","=""2P*""","=""3/2""","=""3p6.4d""","=""2D""","=""3/2""",,"=""T9168""","=""L6096""",
"=""696.4672""","=""696.46903""","=""0.00024""","=""12""","=""8.22e+04""","=""1.49e-04""","=""-3.22""",D+,"=""1.6171130092""","=""3.3968046""","=""3p6.4p""","=""2P*""","=""3/2""","=""3p6.4d""","=""2D""","=""5/2""",,"=""T9168""","=""L6096""",
"=""""","=""754.1412""","=""0.0003""","=""""","=""2.0e+04""","=""8.4e-05""","=""-3.78""",E,"=""2.6069601""","=""4.2505525""","=""3p6.5s""","=""2S""","=""1/2""","=""3p6.14p""","=""2P*""","=""3/2""",,"=""T817""","=""""",
"=""""","=""754.1617""","=""0.0003""","=""""","=""9.8e+03""","=""4.2e-05""","=""-4.08""",E,"=""2.6069601""","=""4.2505078""","=""3p6.5s""","=""2S""","=""1/2""","=""3p6.14p""","=""2P*""","=""1/2""",,"=""T817""","=""""",
"=""""","=""761.8730""","=""0.0003""","=""""","=""2.6e+04""","=""1.1e-04""","=""-3.65""",C,"=""2.6069601""","=""4.2338727""","=""3p6.5s""","=""2S""","=""1/2""","=""3p6.13p""","=""2P*""","=""3/2""",,"=""T817""","=""""",
"=""""","=""761.8996""","=""0.0003""","=""""","=""1.3e+04""","=""5.7e-05""","=""-3.95""",E,"=""2.6069601""","=""4.2338159""","=""3p6.5s""","=""2S""","=""1/2""","=""3p6.13p""","=""2P*""","=""1/2""",,"=""T817""","=""""",
"=""766.489913""","=""766.48991""","=""0.00003""","=""25r""","=""1.512e+08""","=""6.661e-01""","=""0.1246""",AAA,"=""0.00000000""","=""1.6171130092""","=""3p6.4s""","=""2S""","=""1/2""","=""3p6.4p""","=""2P*""","=""3/2""",,"=""T9745""","=""L8995""",
"=""769.896456""","=""769.89646""","=""0.00003""","=""24r""","=""7.468e+07""","=""3.3201e-01""","=""-0.1778""",AAA,"=""0.00000000""","=""1.60995784350""","=""3p6.4s""","=""2S""","=""1/2""","=""3p6.4p""","=""2P*""","=""1/2""",,"=""T9745""","=""L8995""",
"=""""","=""772.2111""","=""0.0003""","=""""","=""3.6e+04""","=""1.6e-04""","=""-3.50""",C,"=""2.6069601""","=""4.2120922""","=""3p6.5s""","=""2S""","=""1/2""","=""3p6.12p""","=""2P*""","=""3/2""",,"=""T817""","=""""",
"=""""","=""772.2474""","=""0.0003""","=""""","=""1.8e+04""","=""8.0e-05""","=""-3.80""",E,"=""2.6069601""","=""4.2120168""","=""3p6.5s""","=""2S""","=""1/2""","=""3p6.12p""","=""2P*""","=""1/2""",,"=""T817""","=""""",
"=""""","=""786.5176""","=""0.0004""","=""""","=""5.2e+04""","=""2.4e-04""","=""-3.32""",C,"=""2.6069601""","=""4.1828956""","=""3p6.5s""","=""2S""","=""1/2""","=""3p6.11p""","=""2P*""","=""3/2""",,"=""T817""","=""""",
"=""""","=""786.5689""","=""0.0004""","=""""","=""2.6e+04""","=""1.2e-04""","=""-3.62""",C,"=""2.6069601""","=""4.1827927""","=""3p6.5s""","=""2S""","=""1/2""","=""3p6.11p""","=""2P*""","=""1/2""",,"=""T817""","=""""",
"=""""","=""803.7580""","=""0.0004""","=""""","=""8.0e+04""","=""1.3e-04""","=""-3.11""",C,"=""2.6699600""","=""4.2120922""","=""3p6.3d""","=""2D""","=""5/2""","=""3p6.12p""","=""2P*""","=""3/2""",,"=""T817LS""","=""""",
"=""""","=""803.9072""","=""0.0004""","=""""","=""9.2e+03""","=""2.2e-05""","=""-4.05""",E,"=""2.6702462""","=""4.2120922""","=""3p6.3d""","=""2D""","=""3/2""","=""3p6.12p""","=""2P*""","=""3/2""",,"=""T817LS""","=""""",
"=""""","=""803.9465""","=""0.0004""","=""""","=""4.6e+04""","=""1.1e-04""","=""-3.35""",C,"=""2.6702462""","=""4.2120168""","=""3p6.3d""","=""2D""","=""3/2""","=""3p6.12p""","=""2P*""","=""1/2""",,"=""T817LS""","=""""",
"=""""","=""807.2163""","=""0.0004""","=""""","=""6.404e+04""","=""3.13e-04""","=""-3.203""",B+,"=""2.6069601""","=""4.1424855""","=""3p6.5s""","=""2S""","=""1/2""","=""3p6.10p""","=""2P*""","=""3/2""",,"=""T9168""","=""""",
"=""""","=""807.2924""","=""0.0004""","=""""","=""2.912e+04""","=""1.424e-04""","=""-3.546""",A,"=""2.6069601""","=""4.1423407""","=""3p6.5s""","=""2S""","=""1/2""","=""3p6.10p""","=""2P*""","=""1/2""",,"=""T9168""","=""""",
"=""""","=""819.2690""","=""0.0004""","=""""","=""1.1e+05""","=""1.9e-04""","=""-2.95""",C,"=""2.6699600""","=""4.1828956""","=""3p6.3d""","=""2D""","=""5/2""","=""3p6.11p""","=""2P*""","=""3/2""",,"=""T817LS""","=""""",
"=""""","=""819.4240""","=""0.0004""","=""""","=""1.2e+04""","=""3.1e-05""","=""-3.90""",E,"=""2.6702462""","=""4.1828956""","=""3p6.3d""","=""2D""","=""3/2""","=""3p6.11p""","=""2P*""","=""3/2""",,"=""T817LS""","=""""",
"=""""","=""819.4798""","=""0.0004""","=""""","=""6.2e+04""","=""1.6e-04""","=""-3.20""",C,"=""2.6702462""","=""4.1827927""","=""3p6.3d""","=""2D""","=""3/2""","=""3p6.11p""","=""2P*""","=""1/2""",,"=""T817LS""","=""""",
"=""825.018""","=""825.016""","=""0.004""","=""9bl*""","=""7.7e+06""","=""1.3e-02""","=""-1.11""",B+,"=""2.6699600""","=""4.172356""","=""3p6.3d""","=""2D""","=""5/2""","=""3p6.9f""","=""2F*""","=""7/2""",,"=""T817LS""","=""L6096""",
"=""825.018""","=""825.016""","=""0.004""","=""9bl*""","=""3.8e+05""","=""6.5e-04""","=""-2.41""",C+,"=""2.6699600""","=""4.172356""","=""3p6.3d""","=""2D""","=""5/2""","=""3p6.9f""","=""2F*""","=""5/2""",,"=""T817LS""","=""L6096""",
"=""825.174""","=""825.174""","=""0.004""","=""8""","=""5.3e+06""","=""1.4e-02""","=""-1.26""",C+,"=""2.6702462""","=""4.172356""","=""3p6.3d""","=""2D""","=""3/2""","=""3p6.9f""","=""2F*""","=""5/2""",,"=""T817LS""","=""L6096""",
"=""839.022""","=""839.0212""","=""0.0004""","=""3""","=""1.08e+05""","=""5.73e-04""","=""-2.941""",B+,"=""2.6069601""","=""4.0842783""","=""3p6.5s""","=""2S""","=""1/2""","=""3p6.9p""","=""2P*""","=""3/2""",,"=""T9168""","=""L6096""",
"=""""","=""839.1426""","=""0.0004""","=""m""","=""4.94e+04""","=""2.61e-04""","=""-3.283""",B+,"=""2.6069601""","=""4.0840647""","=""3p6.5s""","=""2S""","=""1/2""","=""3p6.9p""","=""2P*""","=""1/2""",,"=""T9168""","=""L6096""",
"=""841.754""","=""841.7521""","=""0.0004""","=""2""","=""1.92e+05""","=""3.41e-04""","=""-2.690""",A,"=""2.6699600""","=""4.1424855""","=""3p6.3d""","=""2D""","=""5/2""","=""3p6.10p""","=""2P*""","=""3/2""",,"=""T9168""","=""L6096""",
"=""""","=""841.9157""","=""0.0004""","=""""","=""2.12e+04""","=""5.63e-05""","=""-3.648""",A,"=""2.6702462""","=""4.1424855""","=""3p6.3d""","=""2D""","=""3/2""","=""3p6.10p""","=""2P*""","=""3/2""",,"=""T9168""","=""""",
"=""842.000""","=""841.9985""","=""0.0004""","=""1""","=""1.05e+05""","=""2.79e-04""","=""-2.952""",A,"=""2.6702462""","=""4.1423407""","=""3p6.3d""","=""2D""","=""3/2""","=""3p6.10p""","=""2P*""","=""1/2""",,"=""T9168""","=""L6096""",
"=""850.345""","=""850.344""","=""0.004""","=""11bl*""","=""1.06e+07""","=""1.91e-02""","=""-0.941""",B+,"=""2.6699600""","=""4.127608""","=""3p6.3d""","=""2D""","=""5/2""","=""3p6.8f""","=""2F*""","=""7/2""",,"=""T8262""","=""L6096""",
"=""850.345""","=""850.344""","=""0.004""","=""11bl*""","=""5.28e+05""","=""9.54e-04""","=""-2.242""",B+,"=""2.6699600""","=""4.127608""","=""3p6.3d""","=""2D""","=""5/2""","=""3p6.8f""","=""2F*""","=""5/2""",,"=""T8262""","=""L6096""",
"=""850.511""","=""850.511""","=""0.004""","=""10""","=""7.38e+06""","=""2.00e-02""","=""-1.096""",B+,"=""2.6702462""","=""4.127608""","=""3p6.3d""","=""2D""","=""3/2""","=""3p6.8f""","=""2F*""","=""5/2""",,"=""T8262""","=""L6096""",
"=""876.396""","=""876.3951""","=""0.0004""","=""4""","=""2.85e+05""","=""5.48e-04""","=""-2.483""",A,"=""2.6699600""","=""4.0842783""","=""3p6.3d""","=""2D""","=""5/2""","=""3p6.9p""","=""2P*""","=""3/2""",,"=""T9168""","=""L6096""",
"=""""","=""876.5724""","=""0.0004""","=""""","=""3.19e+04""","=""9.19e-05""","=""-3.435""",A+,"=""2.6702462""","=""4.0842783""","=""3p6.3d""","=""2D""","=""3/2""","=""3p6.9p""","=""2P*""","=""3/2""",,"=""T9168""","=""""",
"=""876.705""","=""876.7049""","=""0.0004""","=""3""","=""1.56e+05""","=""4.50e-04""","=""-2.745""",A,"=""2.6702462""","=""4.0840647""","=""3p6.3d""","=""2D""","=""3/2""","=""3p6.9p""","=""2P*""","=""1/2""",,"=""T9168""","=""L6096""",
"=""890.219""","=""890.218""","=""0.005""","=""13bl*""","=""1.642e+07""","=""3.253e-02""","=""-0.7096""",AA,"=""2.6699600""","=""4.062317""","=""3p6.3d""","=""2D""","=""5/2""","=""3p6.7f""","=""2F*""","=""7/2""",,"=""T9168""","=""L6096""",
"=""890.219""","=""890.218""","=""0.005""","=""13bl*""","=""8.214e+05""","=""1.627e-03""","=""-2.0104""",AA,"=""2.6699600""","=""4.062317""","=""3p6.3d""","=""2D""","=""5/2""","=""3p6.7f""","=""2F*""","=""5/2""",,"=""T9168""","=""L6096""",
"=""890.402""","=""890.401""","=""0.005""","=""12""","=""1.148e+07""","=""3.414e-02""","=""-0.8647""",AA,"=""2.6702462""","=""4.062317""","=""3p6.3d""","=""2D""","=""3/2""","=""3p6.7f""","=""2F*""","=""5/2""",,"=""T9168""","=""L6096""",
"=""892.331""","=""892.329""","=""0.005""","=""5""","=""2.09e+05""","=""1.250e-03""","=""-2.602""",A,"=""2.6069601""","=""3.996024""","=""3p6.5s""","=""2S""","=""1/2""","=""3p6.8p""","=""2P*""","=""3/2""",,"=""T9168""","=""L6096""",
"=""892.544""","=""892.541""","=""0.005""","=""4""","=""9.54e+04""","=""5.70e-04""","=""-2.943""",B+,"=""2.6069601""","=""3.995693""","=""3p6.5s""","=""2S""","=""1/2""","=""3p6.8p""","=""2P*""","=""1/2""",,"=""T9168""","=""L6096""",
"=""934.724""","=""934.722""","=""0.005""","=""7""","=""4.540e+05""","=""9.92e-04""","=""-2.225""",A+,"=""2.6699600""","=""3.996024""","=""3p6.3d""","=""2D""","=""5/2""","=""3p6.8p""","=""2P*""","=""3/2""",,"=""T9168""","=""L6096""",
"=""934.925""","=""934.924""","=""0.005""","=""3""","=""5.064e+04""","=""1.661e-04""","=""-3.178""",A+,"=""2.6702462""","=""3.996024""","=""3p6.3d""","=""2D""","=""3/2""","=""3p6.8p""","=""2P*""","=""3/2""",,"=""T9168""","=""L6096""",
"=""935.159""","=""935.158""","=""0.005""","=""6""","=""2.488e+05""","=""8.16e-04""","=""-2.486""",A+,"=""2.6702462""","=""3.995693""","=""3p6.3d""","=""2D""","=""3/2""","=""3p6.8p""","=""2P*""","=""1/2""",,"=""T9168""","=""L6096""",
"=""959.570""","=""959.569""","=""0.006""","=""15bl*""","=""2.759e+07""","=""6.351e-02""","=""-0.419""",AA,"=""2.6699600""","=""3.961688""","=""3p6.3d""","=""2D""","=""5/2""","=""3p6.6f""","=""2F*""","=""7/2""",,"=""T9168""","=""L6096""",
"=""959.570""","=""959.569""","=""0.006""","=""15bl*""","=""1.376e+06""","=""3.168e-03""","=""-1.7211""",AA,"=""2.6699600""","=""3.961688""","=""3p6.3d""","=""2D""","=""5/2""","=""3p6.6f""","=""2F*""","=""5/2""",,"=""T9168""","=""L6096""",
"=""959.783""","=""959.781""","=""0.006""","=""14""","=""1.924e+07""","=""6.648e-02""","=""-0.5753""",AA,"=""2.6702462""","=""3.961688""","=""3p6.3d""","=""2D""","=""3/2""","=""3p6.6f""","=""2F*""","=""5/2""",,"=""T9168""","=""L6096""",
"=""994.967""","=""994.965""","=""0.006""","=""6""","=""4.96e+05""","=""3.68e-03""","=""-2.133""",B+,"=""2.6069601""","=""3.852735""","=""3p6.5s""","=""2S""","=""1/2""","=""3p6.7p""","=""2P*""","=""3/2""",,"=""T9168""","=""L6096""",
"=""995.414""","=""995.411""","=""0.006""","=""5""","=""2.30e+05""","=""1.71e-03""","=""-2.466""",B+,"=""2.6069601""","=""3.852177""","=""3p6.5s""","=""2S""","=""1/2""","=""3p6.7p""","=""2P*""","=""1/2""",,"=""T9168""","=""L6096""",
"=""1047.963""","=""1047.962""","=""0.007""","=""9""","=""7.968e+05""","=""2.187e-03""","=""-1.882""",A,"=""2.6699600""","=""3.852735""","=""3p6.3d""","=""2D""","=""5/2""","=""3p6.7p""","=""2P*""","=""3/2""",,"=""T9168""","=""L6096""",
"=""1048.215""","=""1048.215""","=""0.007""","=""5""","=""8.820e+04""","=""3.634e-04""","=""-2.838""",A+,"=""2.6702462""","=""3.852735""","=""3p6.3d""","=""2D""","=""3/2""","=""3p6.7p""","=""2P*""","=""3/2""",,"=""T9168""","=""L6096""",
"=""1048.711""","=""1048.710""","=""0.007""","=""8""","=""4.336e+05""","=""1.788e-03""","=""-2.146""",A+,"=""2.6702462""","=""3.852177""","=""3p6.3d""","=""2D""","=""3/2""","=""3p6.7p""","=""2P*""","=""1/2""",,"=""T9168""","=""L6096""",
"=""""","=""1066.8459""","=""0.0006""","=""""","=""7.8e+04""","=""6.7e-04""","=""-2.88""",C,"=""3.0625810""","=""4.22441928""","=""3p6.5p""","=""2P*""","=""1/2""","=""3p6.13s""","=""2S""","=""1/2""",,"=""T817LS""","=""""",
"=""""","=""1068.5793""","=""0.0006""","=""""","=""4.8e+04""","=""4.1e-04""","=""-3.09""",C,"=""3.0625810""","=""4.22253462""","=""3p6.5p""","=""2P*""","=""1/2""","=""3p6.11d""","=""2D""","=""3/2""",,"=""T817LS""","=""""",
"=""""","=""1068.9857""","=""0.0006""","=""""","=""1.5e+05""","=""6.6e-04""","=""-2.58""",C,"=""3.0649066""","=""4.22441928""","=""3p6.5p""","=""2P*""","=""3/2""","=""3p6.13s""","=""2S""","=""1/2""",,"=""T817LS""","=""""",
"=""""","=""1070.7260""","=""0.0006""","=""""","=""9.6e+03""","=""4.1e-05""","=""-3.78""",C,"=""3.0649066""","=""4.22253462""","=""3p6.5p""","=""2P*""","=""3/2""","=""3p6.11d""","=""2D""","=""3/2""",,"=""T817LS""","=""""",
"=""""","=""1070.7298""","=""0.0006""","=""""","=""8.4e+04""","=""3.6e-04""","=""-2.84""",C,"=""3.0649066""","=""4.22253048""","=""3p6.5p""","=""2P*""","=""3/2""","=""3p6.11d""","=""2D""","=""5/2""",,"=""T817LS""","=""""",
"=""""","=""1090.2024""","=""0.0006""","=""""","=""1.1e+05""","=""9.6e-04""","=""-2.72""",C,"=""3.0625810""","=""4.19952815""","=""3p6.5p""","=""2P*""","=""1/2""","=""3p6.12s""","=""2S""","=""1/2""",,"=""T817LS""","=""""",
"=""""","=""1092.4370""","=""0.0006""","=""""","=""2.2e+05""","=""9.8e-04""","=""-2.40""",C+,"=""3.0649066""","=""4.19952815""","=""3p6.5p""","=""2P*""","=""3/2""","=""3p6.12s""","=""2S""","=""1/2""",,"=""T817LS""","=""""",
"=""""","=""1092.5659""","=""0.0006""","=""""","=""5.2e+04""","=""4.7e-04""","=""-3.03""",C,"=""3.0625810""","=""4.19706867""","=""3p6.5p""","=""2P*""","=""1/2""","=""3p6.10d""","=""2D""","=""3/2""",,"=""T817LS""","=""""",
"=""""","=""1094.8101""","=""0.0006""","=""""","=""1.1e+04""","=""4.9e-05""","=""-3.71""",C,"=""3.0649066""","=""4.19706867""","=""3p6.5p""","=""2P*""","=""3/2""","=""3p6.10d""","=""2D""","=""3/2""",,"=""T817LS""","=""""",
"=""""","=""1094.8157""","=""0.0006""","=""""","=""9.6e+04""","=""4.3e-04""","=""-2.76""",C,"=""3.0649066""","=""4.19706295""","=""3p6.5p""","=""2P*""","=""3/2""","=""3p6.10d""","=""2D""","=""5/2""",,"=""T817LS""","=""""",
"=""1101.987""","=""1101.985""","=""0.007""","=""17*""","=""5.230e+07""","=""1.588e-01""","=""-0.021""",AA,"=""2.6699600""","=""3.794751""","=""3p6.3d""","=""2D""","=""5/2""","=""3p6.5f""","=""2F*""","=""7/2""",,"=""T9168""","=""L6096""",
"=""1101.987""","=""1101.985""","=""0.007""","=""17*""","=""2.616e+06""","=""7.942e-03""","=""-1.322""",AA,"=""2.6699600""","=""3.794751""","=""3p6.3d""","=""2D""","=""5/2""","=""3p6.5f""","=""2F*""","=""5/2""",,"=""T9168""","=""L6096""",
"=""1102.267""","=""1102.265""","=""0.007""","=""16""","=""3.659e+07""","=""1.667e-01""","=""-0.176""",AA,"=""2.6702462""","=""3.794751""","=""3p6.3d""","=""2D""","=""3/2""","=""3p6.5f""","=""2F*""","=""5/2""",,"=""T9168""","=""L6096""",
"=""""","=""1123.6442""","=""0.0006""","=""""","=""1.592e+05""","=""1.507e-03""","=""-2.521""",A+,"=""3.0625810""","=""4.16569049""","=""3p6.5p""","=""2P*""","=""1/2""","=""3p6.11s""","=""2S""","=""1/2""",,"=""T9168""","=""""",
"=""""","=""1126.0181""","=""0.0006""","=""""","=""3.146e+05""","=""1.496e-03""","=""-2.223""",A+,"=""3.0649066""","=""4.16569049""","=""3p6.5p""","=""2P*""","=""3/2""","=""3p6.11s""","=""2S""","=""1/2""",,"=""T9168""","=""""",
"=""""","=""1126.9927""","=""0.0006""","=""""","=""6.96e+04""","=""6.64e-04""","=""-2.88""",B+,"=""3.0625810""","=""4.16241300""","=""3p6.5p""","=""2P*""","=""1/2""","=""3p6.9d""","=""2D""","=""3/2""",,"=""T9168""","=""""",
"=""""","=""1129.3808""","=""0.0006""","=""""","=""1.49e+04""","=""7.13e-05""","=""-3.54""",B+,"=""3.0649066""","=""4.16241300""","=""3p6.5p""","=""2P*""","=""3/2""","=""3p6.9d""","=""2D""","=""3/2""",,"=""T9168""","=""""",
"=""""","=""1129.3891""","=""0.0006""","=""""","=""1.37e+05""","=""6.54e-04""","=""-2.58""",B+,"=""3.0649066""","=""4.16240485""","=""3p6.5p""","=""2P*""","=""3/2""","=""3p6.9d""","=""2D""","=""5/2""",,"=""T9168""","=""""",
"=""1169.0219""","=""1169.0242""","=""0.0007""","=""17""","=""8.068e+07""","=""8.269e-01""","=""0.218""",AA,"=""1.60995784350""","=""2.6702462""","=""3p6.4p""","=""2P*""","=""1/2""","=""3p6.3d""","=""2D""","=""3/2""",,"=""T9168""","=""L1792""",
"=""""","=""1174.3740""","=""0.0007""","=""""","=""2.312e+05""","=""2.391e-03""","=""-2.320""",AA,"=""3.0625810""","=""4.11803927""","=""3p6.5p""","=""2P*""","=""1/2""","=""3p6.10s""","=""2S""","=""1/2""",,"=""T9168""","=""""",
"=""1176.9637""","=""1176.9667""","=""0.0007""","=""16""","=""1.590e+07""","=""8.258e-02""","=""-0.481""",AA,"=""1.6171130092""","=""2.6702462""","=""3p6.4p""","=""2P*""","=""3/2""","=""3p6.3d""","=""2D""","=""3/2""",,"=""T9168""","=""L1792""",
"=""""","=""1176.9673""","=""0.0007""","=""""","=""4.576e+05""","=""2.377e-03""","=""-2.022""",AA,"=""3.0649066""","=""4.11803927""","=""3p6.5p""","=""2P*""","=""3/2""","=""3p6.10s""","=""2S""","=""1/2""",,"=""T9168""","=""""",
"=""1177.2838""","=""1177.2866""","=""0.0007""","=""17""","=""1.430e+08""","=""7.430e-01""","=""0.473""",AA,"=""1.6171130092""","=""2.6699600""","=""3p6.4p""","=""2P*""","=""3/2""","=""3p6.3d""","=""2D""","=""5/2""",,"=""T9168""","=""L1792""",
"=""""","=""1179.3606""","=""0.0007""","=""""","=""6.88e+04""","=""7.2e-04""","=""-2.84""",B,"=""3.0625810""","=""4.11357655""","=""3p6.5p""","=""2P*""","=""1/2""","=""3p6.8d""","=""2D""","=""3/2""",,"=""T9168""","=""""",
"=""""","=""1181.9760""","=""0.0007""","=""""","=""1.5e+04""","=""7.9e-05""","=""-3.50""",B,"=""3.0649066""","=""4.11357655""","=""3p6.5p""","=""2P*""","=""3/2""","=""3p6.8d""","=""2D""","=""3/2""",,"=""T9168""","=""""",
"=""""","=""1181.9898""","=""0.0007""","=""""","=""1.37e+05""","=""7.2e-04""","=""-2.54""",B,"=""3.0649066""","=""4.11356434""","=""3p6.5p""","=""2P*""","=""3/2""","=""3p6.8d""","=""2D""","=""5/2""",,"=""T9168""","=""""",
"=""1243.2274""","=""1243.2298""","=""0.0008""","=""56""","=""1.590e+07""","=""1.843e-01""","=""-0.4334""",AA,"=""1.60995784350""","=""2.6069601""","=""3p6.4p""","=""2P*""","=""1/2""","=""3p6.5s""","=""2S""","=""1/2""",,"=""T9168""","=""L1792""",
"=""1252.2141""","=""1252.2165""","=""0.0008""","=""98""","=""3.164e+07""","=""1.861e-01""","=""-0.1283""",AA,"=""1.6171130092""","=""2.6069601""","=""3p6.4p""","=""2P*""","=""3/2""","=""3p6.5s""","=""2S""","=""1/2""",,"=""T9168""","=""L1792""",
"=""""","=""1252.608""","=""0.008""","=""""","=""1.74e+06""","=""2.05e-02""","=""-1.388""",B+,"=""2.6069601""","=""3.596498""","=""3p6.5s""","=""2S""","=""1/2""","=""3p6.6p""","=""2P*""","=""3/2""",,"=""T9168""","=""""",
"=""""","=""1253.934""","=""0.008""","=""""","=""8.32e+05""","=""9.81e-03""","=""-1.707""",A,"=""2.6069601""","=""3.595451""","=""3p6.5s""","=""2S""","=""1/2""","=""3p6.6p""","=""2P*""","=""1/2""",,"=""T9168""","=""""",
"=""""","=""1257.9972""","=""0.0008""","=""""","=""3.564e+05""","=""4.230e-03""","=""-2.073""",AA,"=""3.0625810""","=""4.04787964""","=""3p6.5p""","=""2P*""","=""1/2""","=""3p6.9s""","=""2S""","=""1/2""",,"=""T9168""","=""""",
"=""""","=""1260.9735""","=""0.0008""","=""""","=""7.024e+05""","=""4.188e-03""","=""-1.776""",AA,"=""3.0649066""","=""4.04787964""","=""3p6.5p""","=""2P*""","=""3/2""","=""3p6.9s""","=""2S""","=""1/2""",,"=""T9168""","=""""",
"=""""","=""1265.9474""","=""0.0008""","=""""","=""4.80e+04""","=""5.8e-04""","=""-2.94""",B,"=""3.0625810""","=""4.04169191""","=""3p6.5p""","=""2P*""","=""1/2""","=""3p6.7d""","=""2D""","=""3/2""",,"=""T9168""","=""""",
"=""""","=""1268.9615""","=""0.0008""","=""""","=""1.1e+04""","=""6.6e-05""","=""-3.58""",B,"=""3.0649066""","=""4.04169191""","=""3p6.5p""","=""2P*""","=""3/2""","=""3p6.7d""","=""2D""","=""3/2""",,"=""T9168""","=""""",
"=""""","=""1268.9865""","=""0.0008""","=""""","=""1.00e+05""","=""6.0e-04""","=""-2.62""",B,"=""3.0649066""","=""4.04167262""","=""3p6.5p""","=""2P*""","=""3/2""","=""3p6.7d""","=""2D""","=""5/2""",,"=""T9168""","=""""",
"=""1337.786""","=""1337.779""","=""0.009""","=""""","=""1.63e+06""","=""7.31e-03""","=""-1.358""",A+,"=""2.6699600""","=""3.596498""","=""3p6.3d""","=""2D""","=""5/2""","=""3p6.6p""","=""2P*""","=""3/2""",,"=""T9168""","=""L6096""",
"=""""","=""1338.193""","=""0.009""","=""""","=""1.82e+05""","=""1.221e-03""","=""-2.311""",A,"=""2.6702462""","=""3.596498""","=""3p6.3d""","=""2D""","=""3/2""","=""3p6.6p""","=""2P*""","=""3/2""",,"=""T9168""","=""""",
"=""1339.709""","=""1339.706""","=""0.009""","=""""","=""8.94e+05""","=""6.01e-03""","=""-1.619""",A+,"=""2.6702462""","=""3.595451""","=""3p6.3d""","=""2D""","=""3/2""","=""3p6.6p""","=""2P*""","=""1/2""",,"=""T9168""","=""L6096""",
"=""""","=""1415.2427""","=""0.0012""","=""""","=""5.940e+05""","=""8.92e-03""","=""-1.748""",A+,"=""3.0625810""","=""3.9384048""","=""3p6.5p""","=""2P*""","=""1/2""","=""3p6.8s""","=""2S""","=""1/2""",,"=""T9168""","=""""",
"=""""","=""1419.0106""","=""0.0012""","=""""","=""1.17e+06""","=""8.86e-03""","=""-1.450""",A+,"=""3.0649066""","=""3.9384048""","=""3p6.5p""","=""2P*""","=""3/2""","=""3p6.8s""","=""2S""","=""1/2""",,"=""T9168""","=""""",
"=""""","=""1429.2460""","=""0.0012""","=""""","=""2.8e+03""","=""4.2e-05""","=""-4.07""",D,"=""3.0625810""","=""3.9298237""","=""3p6.5p""","=""2P*""","=""1/2""","=""3p6.6d""","=""2D""","=""3/2""",,"=""T9168""","=""""",
"=""""","=""1433.0889""","=""0.0012""","=""""","=""1.0e+03""","=""8.1e-06""","=""-4.49""",D+,"=""3.0649066""","=""3.9298237""","=""3p6.5p""","=""2P*""","=""3/2""","=""3p6.6d""","=""2D""","=""3/2""",,"=""T9168""","=""""",
"=""""","=""1433.1435""","=""0.0012""","=""""","=""9.6e+03""","=""7.5e-05""","=""-3.52""",D+,"=""3.0649066""","=""3.9297908""","=""3p6.5p""","=""2P*""","=""3/2""","=""3p6.6d""","=""2D""","=""5/2""",,"=""T9168""","=""""",
"=""""","=""1480.7676""","=""0.0013""","=""""","=""8.4e+04""","=""4.6e-04""","=""-2.56""",C+,"=""3.3968046""","=""4.2338727""","=""3p6.4d""","=""2D""","=""5/2""","=""3p6.13p""","=""2P*""","=""3/2""",,"=""T817LS""","=""""",
"=""""","=""1481.0023""","=""0.0013""","=""""","=""9.2e+03""","=""7.6e-05""","=""-3.52""",C,"=""3.3969373""","=""4.2338727""","=""3p6.4d""","=""2D""","=""3/2""","=""3p6.13p""","=""2P*""","=""3/2""",,"=""T817LS""","=""""",
"=""""","=""1481.1027""","=""0.0013""","=""""","=""4.6e+04""","=""3.8e-04""","=""-2.82""",C,"=""3.3969373""","=""4.2338159""","=""3p6.4d""","=""2D""","=""3/2""","=""3p6.13p""","=""2P*""","=""1/2""",,"=""T817LS""","=""""",
"=""1516.308""","=""1516.307""","=""0.012""","=""bl*""","=""1.238e+08""","=""7.11e-01""","=""0.630""",A,"=""2.6699600""","=""3.487409""","=""3p6.3d""","=""2D""","=""5/2""","=""3p6.4f""","=""2F*""","=""7/2""",,"=""T9168""","=""L6096""",
"=""1516.308""","=""1516.307""","=""0.012""","=""bl*""","=""6.210e+06""","=""3.569e-02""","=""-0.669""",A,"=""2.6699600""","=""3.487409""","=""3p6.3d""","=""2D""","=""5/2""","=""3p6.4f""","=""2F*""","=""5/2""",,"=""T9168""","=""L6096""",
"=""1516.840""","=""1516.838""","=""0.012""","=""""","=""8.778e+07""","=""7.57e-01""","=""0.481""",B+,"=""2.6702462""","=""3.487409""","=""3p6.3d""","=""2D""","=""3/2""","=""3p6.4f""","=""2F*""","=""5/2""",,"=""T9168""","=""L6096""",
"=""""","=""1520.3264""","=""0.0013""","=""""","=""1.1e+05""","=""6.2e-04""","=""-2.43""",C+,"=""3.3968046""","=""4.2120922""","=""3p6.4d""","=""2D""","=""5/2""","=""3p6.12p""","=""2P*""","=""3/2""",,"=""T817LS""","=""""",
"=""""","=""1520.5739""","=""0.0013""","=""""","=""1.2e+04""","=""1.0e-04""","=""-3.38""",C,"=""3.3969373""","=""4.2120922""","=""3p6.4d""","=""2D""","=""3/2""","=""3p6.12p""","=""2P*""","=""3/2""",,"=""T817LS""","=""""",
"=""""","=""1520.7146""","=""0.0013""","=""""","=""6.4e+04""","=""5.6e-04""","=""-2.65""",C+,"=""3.3969373""","=""4.2120168""","=""3p6.4d""","=""2D""","=""3/2""","=""3p6.12p""","=""2P*""","=""1/2""",,"=""T817LS""","=""""",
"=""""","=""1576.7937""","=""0.0014""","=""""","=""1.5e+05""","=""9.2e-04""","=""-2.26""",C+,"=""3.3968046""","=""4.1828956""","=""3p6.4d""","=""2D""","=""5/2""","=""3p6.11p""","=""2P*""","=""3/2""",,"=""T817LS""","=""""",
"=""""","=""1577.0599""","=""0.0014""","=""""","=""1.7e+04""","=""1.6e-04""","=""-3.19""",C,"=""3.3969373""","=""4.1828956""","=""3p6.4d""","=""2D""","=""3/2""","=""3p6.11p""","=""2P*""","=""3/2""",,"=""T817LS""","=""""",
"=""""","=""1577.2665""","=""0.0014""","=""""","=""8.2e+04""","=""7.6e-04""","=""-2.51""",C+,"=""3.3969373""","=""4.1827927""","=""3p6.4d""","=""2D""","=""3/2""","=""3p6.11p""","=""2P*""","=""1/2""",,"=""T817LS""","=""""",
"=""""","=""1598.222""","=""0.015""","=""""","=""3.4e+06""","=""2.2e-02""","=""-0.88""",B+,"=""3.3968046""","=""4.172356""","=""3p6.4d""","=""2D""","=""5/2""","=""3p6.9f""","=""2F*""","=""7/2""",,"=""T817""","=""""",
"=""""","=""1598.222""","=""0.015""","=""""","=""1.7e+05""","=""1.1e-03""","=""-2.18""",C+,"=""3.3968046""","=""4.172356""","=""3p6.4d""","=""2D""","=""5/2""","=""3p6.9f""","=""2F*""","=""5/2""",,"=""T817""","=""""",
"=""""","=""1598.496""","=""0.015""","=""""","=""2.4e+06""","=""2.3e-02""","=""-1.04""",B+,"=""3.3969373""","=""4.172356""","=""3p6.4d""","=""2D""","=""3/2""","=""3p6.9f""","=""2F*""","=""5/2""",,"=""T817""","=""""",
"=""""","=""1662.2439""","=""0.0016""","=""""","=""2.2e+05""","=""1.5e-03""","=""-2.05""",C+,"=""3.3968046""","=""4.1424855""","=""3p6.4d""","=""2D""","=""5/2""","=""3p6.10p""","=""2P*""","=""3/2""",,"=""T817LS""","=""""",
"=""""","=""1662.5396""","=""0.0016""","=""""","=""2.4e+04""","=""2.5e-04""","=""-2.99""",C,"=""3.3969373""","=""4.1424855""","=""3p6.4d""","=""2D""","=""3/2""","=""3p6.10p""","=""2P*""","=""3/2""",,"=""T817LS""","=""""",
"=""""","=""1662.8626""","=""0.0016""","=""""","=""1.2e+05""","=""1.2e-03""","=""-2.30""",C+,"=""3.3969373""","=""4.1423407""","=""3p6.4d""","=""2D""","=""3/2""","=""3p6.10p""","=""2P*""","=""1/2""",,"=""T817LS""","=""""",
"=""""","=""1696.084""","=""0.017""","=""""","=""4.629e+06""","=""3.329e-02""","=""-0.700""",A+,"=""3.3968046""","=""4.127608""","=""3p6.4d""","=""2D""","=""5/2""","=""3p6.8f""","=""2F*""","=""7/2""",,"=""T8262""","=""""",
"=""""","=""1696.084""","=""0.017""","=""""","=""2.310e+05""","=""1.661e-03""","=""-2.001""",A+,"=""3.3968046""","=""4.127608""","=""3p6.4d""","=""2D""","=""5/2""","=""3p6.8f""","=""2F*""","=""5/2""",,"=""T8262""","=""""",
"=""""","=""1696.392""","=""0.017""","=""""","=""3.234e+06""","=""3.490e-02""","=""-0.855""",A+,"=""3.3969373""","=""4.127608""","=""3p6.4d""","=""2D""","=""3/2""","=""3p6.8f""","=""2F*""","=""5/2""",,"=""T8262""","=""""",
"=""""","=""1793.9187""","=""0.0019""","=""""","=""1.137e+06""","=""2.745e-02""","=""-1.260""",AA,"=""3.0625810""","=""3.7535285""","=""3p6.5p""","=""2P*""","=""1/2""","=""3p6.7s""","=""2S""","=""1/2""",,"=""T9168""","=""""",
"=""""","=""1799.9770""","=""0.0019""","=""""","=""2.240e+06""","=""2.721e-02""","=""-0.963""",AA,"=""3.0649066""","=""3.7535285""","=""3p6.5p""","=""2P*""","=""3/2""","=""3p6.7s""","=""2S""","=""1/2""",,"=""T9168""","=""""",
"=""""","=""1802.9832""","=""0.0019""","=""""","=""3.3e+05""","=""2.7e-03""","=""-1.79""",C+,"=""3.3968046""","=""4.0842783""","=""3p6.4d""","=""2D""","=""5/2""","=""3p6.9p""","=""2P*""","=""3/2""",,"=""T817LS""","=""""",
"=""""","=""1803.3312""","=""0.0019""","=""""","=""3.8e+04""","=""4.6e-04""","=""-2.73""",C+,"=""3.3969373""","=""4.0842783""","=""3p6.4d""","=""2D""","=""3/2""","=""3p6.9p""","=""2P*""","=""3/2""",,"=""T817LS""","=""""",
"=""""","=""1803.8919""","=""0.0019""","=""""","=""1.8e+05""","=""2.2e-03""","=""-2.05""",C+,"=""3.3969373""","=""4.0840647""","=""3p6.4d""","=""2D""","=""3/2""","=""3p6.9p""","=""2P*""","=""1/2""",,"=""T817LS""","=""""",
"=""""","=""1822.8672""","=""0.0019""","=""""","=""2.90e+05""","=""7.22e-03""","=""-1.84""",B,"=""3.0625810""","=""3.7425557""","=""3p6.5p""","=""2P*""","=""1/2""","=""3p6.5d""","=""2D""","=""3/2""",,"=""T9168""","=""""",
"=""""","=""1829.1229""","=""0.0019""","=""""","=""5.24e+04""","=""6.6e-04""","=""-2.58""",B,"=""3.0649066""","=""3.7425557""","=""3p6.5p""","=""2P*""","=""3/2""","=""3p6.5d""","=""2D""","=""3/2""",,"=""T9168""","=""""",
"=""""","=""1829.2915""","=""0.0019""","=""""","=""4.7e+05""","=""5.88e-03""","=""-1.63""",B+,"=""3.0649066""","=""3.7424933""","=""3p6.5p""","=""2P*""","=""3/2""","=""3p6.5d""","=""2D""","=""5/2""",,"=""T9168""","=""""",
"=""""","=""1862.479""","=""0.021""","=""""","=""6.8e+06""","=""5.93e-02""","=""-0.449""",A,"=""3.3968046""","=""4.062317""","=""3p6.4d""","=""2D""","=""5/2""","=""3p6.7f""","=""2F*""","=""7/2""",,"=""T8262""","=""""",
"=""""","=""1862.479""","=""0.021""","=""""","=""3.42e+05""","=""2.97e-03""","=""-1.750""",B+,"=""3.3968046""","=""4.062317""","=""3p6.4d""","=""2D""","=""5/2""","=""3p6.7f""","=""2F*""","=""5/2""",,"=""T8262""","=""""",
"=""""","=""1862.850""","=""0.021""","=""""","=""4.80e+06""","=""6.25e-02""","=""-0.602""",A,"=""3.3969373""","=""4.062317""","=""3p6.4d""","=""2D""","=""3/2""","=""3p6.7f""","=""2F*""","=""5/2""",,"=""T8262""","=""""",
obs_wl_vac(nm),ritz_wl_vac(nm),unc_ritz_wl,intens,gA(s^-1),fik,log_gf,Acc,Ei(eV),Ek(eV),conf_i,term_i,J_i,conf_k,term_k,J_k,Type,tp_ref,line_ref,
"=""""","=""2069.09""","=""0.03""","=""""","=""5.6e+05""","=""6.0e-03""","=""-1.44""",B+,"=""3.3968046""","=""3.996024""","=""3p6.4d""","=""2D""","=""5/2""","=""3p6.8p""","=""2P*""","=""3/2""",,"=""T817LS""","=""""",
"=""""","=""2069.55""","=""0.03""","=""""","=""6.0e+04""","=""9.6e-04""","=""-2.41""",C+,"=""3.3969373""","=""3.996024""","=""3p6.4d""","=""2D""","=""3/2""","=""3p6.8p""","=""2P*""","=""3/2""",,"=""T817LS""","=""""",
"=""""","=""2070.70""","=""0.03""","=""""","=""3.0e+05""","=""4.8e-03""","=""-1.71""",C+,"=""3.3969373""","=""3.995693""","=""3p6.4d""","=""2D""","=""3/2""","=""3p6.8p""","=""2P*""","=""1/2""",,"=""T817LS""","=""""",
"=""""","=""2194.86""","=""0.03""","=""""","=""1.06e+07""","=""1.27e-01""","=""-0.118""",B+,"=""3.3968046""","=""3.961688""","=""3p6.4d""","=""2D""","=""5/2""","=""3p6.6f""","=""2F*""","=""7/2""",,"=""T8262""","=""""",
"=""""","=""2194.86""","=""0.03""","=""""","=""5.28e+05""","=""6.36e-03""","=""-1.419""",B+,"=""3.3968046""","=""3.961688""","=""3p6.4d""","=""2D""","=""5/2""","=""3p6.6f""","=""2F*""","=""5/2""",,"=""T8262""","=""""",
"=""""","=""2195.38""","=""0.03""","=""""","=""7.38e+06""","=""1.33e-01""","=""-0.273""",B+,"=""3.3969373""","=""3.961688""","=""3p6.4d""","=""2D""","=""3/2""","=""3p6.6f""","=""2F*""","=""5/2""",,"=""T8262""","=""""",
"=""2707.397""","=""2707.395""","=""0.005""","=""59""","=""1.83e+07""","=""1.007e+00""","=""0.304""",AA,"=""2.6069601""","=""3.0649066""","=""3p6.5s""","=""2S""","=""1/2""","=""3p6.5p""","=""2P*""","=""3/2""",,"=""T9168""","=""L1792""",
"=""""","=""2719.37""","=""0.04""","=""""","=""1.0e+06""","=""1.8e-02""","=""-0.96""",B+,"=""3.3968046""","=""3.852735""","=""3p6.4d""","=""2D""","=""5/2""","=""3p6.7p""","=""2P*""","=""3/2""",,"=""T817LS""","=""""",
"=""""","=""2720.16""","=""0.04""","=""""","=""1.1e+05""","=""3.1e-03""","=""-1.91""",C+,"=""3.3969373""","=""3.852735""","=""3p6.4d""","=""2D""","=""3/2""","=""3p6.7p""","=""2P*""","=""3/2""",,"=""T817LS""","=""""",
"=""2721.216""","=""2721.214""","=""0.005""","=""36""","=""9.06e+06""","=""5.026e-01""","=""0.002""",AA,"=""2.6069601""","=""3.0625810""","=""3p6.5s""","=""2S""","=""1/2""","=""3p6.5p""","=""2P*""","=""1/2""",,"=""T9168""","=""L1792""",
"=""""","=""2723.49""","=""0.04""","=""""","=""5.8e+05""","=""1.6e-02""","=""-1.19""",B+,"=""3.3969373""","=""3.852177""","=""3p6.4d""","=""2D""","=""3/2""","=""3p6.7p""","=""2P*""","=""1/2""",,"=""T817LS""","=""""",
"=""""","=""3115.60""","=""0.06""","=""""","=""1.59e+07""","=""3.9e-01""","=""0.36""",C+,"=""3.3968046""","=""3.794751""","=""3p6.4d""","=""2D""","=""5/2""","=""3p6.5f""","=""2F*""","=""7/2""",,"=""T8262""","=""""",
"=""""","=""3115.60""","=""0.06""","=""""","=""7.98e+05""","=""1.94e-02""","=""-0.94""",C+,"=""3.3968046""","=""3.794751""","=""3p6.4d""","=""2D""","=""5/2""","=""3p6.5f""","=""2F*""","=""5/2""",,"=""T8262""","=""""",
"=""""","=""3116.64""","=""0.06""","=""""","=""1.12e+07""","=""4.1e-01""","=""0.21""",C+,"=""3.3969373""","=""3.794751""","=""3p6.4d""","=""2D""","=""3/2""","=""3p6.5f""","=""2F*""","=""5/2""",,"=""T8262""","=""""",
"=""3139.263""","=""3139.265""","=""0.007""","=""33""","=""6.00e+06""","=""1.48e-01""","=""-0.052""",A,"=""2.6699600""","=""3.0649066""","=""3p6.3d""","=""2D""","=""5/2""","=""3p6.5p""","=""2P*""","=""3/2""",,"=""T9168""","=""L1792""",
"=""3141.539""","=""3141.541""","=""0.007""","=""7""","=""6.64e+05""","=""2.46e-02""","=""-1.007""",B+,"=""2.6702462""","=""3.0649066""","=""3p6.3d""","=""2D""","=""3/2""","=""3p6.5p""","=""2P*""","=""3/2""",,"=""T9168""","=""L1792""",
"=""3160.161""","=""3160.163""","=""0.007""","=""22""","=""3.30e+06""","=""1.23e-01""","=""-0.307""",A,"=""2.6702462""","=""3.0625810""","=""3p6.3d""","=""2D""","=""3/2""","=""3p6.5p""","=""2P*""","=""1/2""",,"=""T9168""","=""L1792""",
"=""3637.278""","=""3637.252""","=""0.008""","=""4""","=""3.254e+06""","=""3.226e-01""","=""-0.1903""",AA,"=""3.0625810""","=""3.4034543""","=""3p6.5p""","=""2P*""","=""1/2""","=""3p6.6s""","=""2S""","=""1/2""",,"=""T9168""","=""L1792""",
"=""3662.260""","=""3662.237""","=""0.008""","=""7""","=""9.910e+06""","=""4.982e-01""","=""0.2994""",AAA,"=""3.0649066""","=""3.4034543""","=""3p6.5p""","=""2P*""","=""3/2""","=""3p6.6s""","=""2S""","=""1/2""",,"=""T9168""","=""L1792""",
"=""3708.147""","=""3708.147""","=""0.010""","=""3""","=""1.154e+07""","=""1.189e+00""","=""0.376""",AA,"=""3.0625810""","=""3.3969373""","=""3p6.5p""","=""2P*""","=""1/2""","=""3p6.4d""","=""2D""","=""3/2""",,"=""T9168""","=""L1792""",
"=""3734.119""","=""3734.119""","=""0.010""","=""1""","=""2.27e+06""","=""1.187e-01""","=""-0.323""",AA,"=""3.0649066""","=""3.3969373""","=""3p6.5p""","=""2P*""","=""3/2""","=""3p6.4d""","=""2D""","=""3/2""",,"=""T9168""","=""L1792""",
"=""3735.611""","=""3735.611""","=""0.010""","=""5""","=""2.044e+07""","=""1.069e+00""","=""0.631""",AA,"=""3.0649066""","=""3.3968046""","=""3p6.5p""","=""2P*""","=""3/2""","=""3p6.4d""","=""2D""","=""5/2""",,"=""T9168""","=""L1792""",
"=""""","=""6208.74""","=""0.19""","=""""","=""3.1e+06""","=""3.0e-01""","=""0.26""",B+,"=""3.3968046""","=""3.596498""","=""3p6.4d""","=""2D""","=""5/2""","=""3p6.6p""","=""2P*""","=""3/2""",,"=""T817LS""","=""""",
"=""""","=""6212.87""","=""0.19""","=""""","=""3.5e+05""","=""5.0e-02""","=""-0.70""",B+,"=""3.3969373""","=""3.596498""","=""3p6.4d""","=""2D""","=""3/2""","=""3p6.6p""","=""2P*""","=""3/2""",,"=""T817LS""","=""""",
"=""""","=""6245.62""","=""0.20""","=""""","=""1.7e+06""","=""2.4e-01""","=""-0.01""",B+,"=""3.3969373""","=""3.595451""","=""3p6.4d""","=""2D""","=""3/2""","=""3p6.6p""","=""2P*""","=""1/2""",,"=""T817LS""","=""""",
"=""""","=""13684.1""","=""0.9""","=""""","=""7.1e+05""","=""3.3e-01""","=""0.30""",B+,"=""3.3968046""","=""3.487409""","=""3p6.4d""","=""2D""","=""5/2""","=""3p6.4f""","=""2F*""","=""7/2""",,"=""T817""","=""""",
"=""""","=""13684.1""","=""0.9""","=""""","=""3.5e+04""","=""1.7e-02""","=""-1.00""",B+,"=""3.3968046""","=""3.487409""","=""3p6.4d""","=""2D""","=""5/2""","=""3p6.4f""","=""2F*""","=""5/2""",,"=""T817""","=""""",
"=""""","=""13704.2""","=""0.9""","=""""","=""5.0e+05""","=""3.5e-01""","=""0.15""",B+,"=""3.3969373""","=""3.487409""","=""3p6.4d""","=""2D""","=""3/2""","=""3p6.4f""","=""2F*""","=""5/2""",,"=""T817""","=""""",
